Name,Type 1 Departments - Major A&E,Percentage in 4 hours or less (type 1),Month,Year,Max temp,Avrg temp,Min temp,Population,Age 0 to 4,Age 5 to 9,Age 10 to 14,Age 15 to 19,Age 20 to 24,Age 25 to 29,Age 30 to 34,Age 35 to 39,Age 40 to 44,Age 45 to 49,Age 50 to 54,Age 55 to 59,Age 60 to 64,Age 65 to 69,Age 70 to 74,Age 75 to 79,Age 80 to 84,Age 85+,BME ,Budget
Airedale NHS Foundation Trust,3472,0.987327189,1,2011,4,2,-1,14811,668,753,810,768,627,752,810,799,801,912,1125,1193,1087,962,1013,730,568,481,463,124824000
Airedale NHS Foundation Trust,3592,0.991091314,2,2011,7,4,2,14811,668,753,810,768,627,752,810,799,801,912,1125,1193,1087,962,1013,730,568,481,463,124824000
Airedale NHS Foundation Trust,4500,0.984,3,2011,9,5,2,14811,668,753,810,768,627,752,810,799,801,912,1125,1193,1087,962,1013,730,568,481,463,124824000
Airedale NHS Foundation Trust,4508,0.98136646,4,2011,15,10,5,14811,668,753,810,768,627,752,810,799,801,912,1125,1193,1087,962,1013,730,568,481,463,124824000
Airedale NHS Foundation Trust,4248,0.993408663,5,2011,13,10,6,14811,668,753,810,768,627,752,810,799,801,912,1125,1193,1087,962,1013,730,568,481,463,124824000
Airedale NHS Foundation Trust,4204,0.983824929,6,2011,16,12,7,14811,668,753,810,768,627,752,810,799,801,912,1125,1193,1087,962,1013,730,568,481,463,124824000
Airedale NHS Foundation Trust,4388,0.983591613,7,2011,17,13,9,14811,668,753,810,768,627,752,810,799,801,912,1125,1193,1087,962,1013,730,568,481,463,124824000
Airedale NHS Foundation Trust,4140,0.988405797,8,2011,17,13,10,14811,668,753,810,768,627,752,810,799,801,912,1125,1193,1087,962,1013,730,568,481,463,124824000
Airedale NHS Foundation Trust,4284,0.989729225,9,2011,16,13,10,14811,668,753,810,768,627,752,810,799,801,912,1125,1193,1087,962,1013,730,568,481,463,124824000
Airedale NHS Foundation Trust,4200,0.879393285,10,2011,13,11,8,14811,668,753,810,768,627,752,810,799,801,912,1125,1193,1087,962,1013,730,568,481,463,124824000
Airedale NHS Foundation Trust,4008,0.977045908,11,2011,10,8,6,14811,668,753,810,768,627,752,810,799,801,912,1125,1193,1087,962,1013,730,568,481,463,124824000
Airedale NHS Foundation Trust,3712,0.97737069,12,2011,6,4,2,14811,668,753,810,768,627,752,810,799,801,912,1125,1193,1087,962,1013,730,568,481,463,124824000
Airedale NHS Foundation Trust,3896,0.978439425,1,2012,6,3,1,14927,674,759,816,774,632,758,816,806,807,919,1134,1203,1095,970,1021,735,573,485,466,127548000
Airedale NHS Foundation Trust,4356,0.95224977,2,2012,5,3,0,14927,674,759,816,774,632,758,816,806,807,919,1134,1203,1095,970,1021,735,573,485,466,127548000
Airedale NHS Foundation Trust,4460,0.879393285,3,2012,11,7,3,14927,674,759,816,774,632,758,816,806,807,919,1134,1203,1095,970,1021,735,573,485,466,127548000
Airedale NHS Foundation Trust,4324,0.946345976,4,2012,9,5,2,14927,674,759,816,774,632,758,816,806,807,919,1134,1203,1095,970,1021,735,573,485,466,127548000
Airedale NHS Foundation Trust,4724,0.973751058,5,2012,14,10,5,14927,674,759,816,774,632,758,816,806,807,919,1134,1203,1095,970,1021,735,573,485,466,127548000
Airedale NHS Foundation Trust,4520,0.977876106,6,2012,15,11,8,14927,674,759,816,774,632,758,816,806,807,919,1134,1203,1095,970,1021,735,573,485,466,127548000
Airedale NHS Foundation Trust,4440,0.974774775,7,2012,16,13,10,14927,674,759,816,774,632,758,816,806,807,919,1134,1203,1095,970,1021,735,573,485,466,127548000
Airedale NHS Foundation Trust,4140,0.967149758,8,2012,18,14,11,14927,674,759,816,774,632,758,816,806,807,919,1134,1203,1095,970,1021,735,573,485,466,127548000
Airedale NHS Foundation Trust,4404,0.965485922,9,2012,15,11,8,14927,674,759,816,774,632,758,816,806,807,919,1134,1203,1095,970,1021,735,573,485,466,127548000
Airedale NHS Foundation Trust,4332,0.938134811,10,2012,11,7,4,14927,674,759,816,774,632,758,816,806,807,919,1134,1203,1095,970,1021,735,573,485,466,127548000
Airedale NHS Foundation Trust,4036,0.983151635,11,2012,7,5,2,14927,674,759,816,774,632,758,816,806,807,919,1134,1203,1095,970,1021,735,573,485,466,127548000
Airedale NHS Foundation Trust,4684,0.962425278,12,2012,5,3,1,14927,674,759,816,774,632,758,816,806,807,919,1134,1203,1095,970,1021,735,573,485,466,127548000
Airedale NHS Foundation Trust,3688,0.945770065,1,2013,4,2,0,15043,679,765,822,780,637,764,822,812,813,926,1143,1212,1104,977,1028,741,577,488,470,138179000
Airedale NHS Foundation Trust,3992,0.9498998,2,2013,4,1,-1,15043,679,765,822,780,637,764,822,812,813,926,1143,1212,1104,977,1028,741,577,488,470,138179000
Airedale NHS Foundation Trust,4076,0.962708538,3,2013,4,0,-2,15043,679,765,822,780,637,764,822,812,813,926,1143,1212,1104,977,1028,741,577,488,470,138179000
Airedale NHS Foundation Trust,3996,0.944944945,4,2013,9,5,1,15043,679,765,822,780,637,764,822,812,813,926,1143,1212,1104,977,1028,741,577,488,470,138179000
Airedale NHS Foundation Trust,4076,0.985279686,5,2013,13,9,4,15043,679,765,822,780,637,764,822,812,813,926,1143,1212,1104,977,1028,741,577,488,470,138179000
Airedale NHS Foundation Trust,4288,0.991604478,6,2013,16,12,7,15043,679,765,822,780,637,764,822,812,813,926,1143,1212,1104,977,1028,741,577,488,470,138179000
Airedale NHS Foundation Trust,4352,0.967830882,7,2013,22,17,11,15043,679,765,822,780,637,764,822,812,813,926,1143,1212,1104,977,1028,741,577,488,470,138179000
Airedale NHS Foundation Trust,4400,0.982727273,8,2013,19,15,11,15043,679,765,822,780,637,764,822,812,813,926,1143,1212,1104,977,1028,741,577,488,470,138179000
Airedale NHS Foundation Trust,4472,0.954382826,9,2013,16,12,8,15043,679,765,822,780,637,764,822,812,813,926,1143,1212,1104,977,1028,741,577,488,470,138179000
Airedale NHS Foundation Trust,4096,0.916015625,10,2013,13,10,8,15043,679,765,822,780,637,764,822,812,813,926,1143,1212,1104,977,1028,741,577,488,470,138179000
Airedale NHS Foundation Trust,3844,0.966701353,11,2013,7,5,2,15043,679,765,822,780,637,764,822,812,813,926,1143,1212,1104,977,1028,741,577,488,470,138179000
Airedale NHS Foundation Trust,3824,0.947698745,12,2013,7,5,2,15043,679,765,822,780,637,764,822,812,813,926,1143,1212,1104,977,1028,741,577,488,470,138179000
Airedale NHS Foundation Trust,3816,0.940251572,1,2014,6,3,2,15159,684,771,829,786,642,770,829,818,820,933,1152,1221,1112,985,1036,747,582,492,474,146963000
Airedale NHS Foundation Trust,3912,0.970347648,2,2014,6,4,2,15159,684,771,829,786,642,770,829,818,820,933,1152,1221,1112,985,1036,747,582,492,474,146963000
Airedale NHS Foundation Trust,3952,0.987854251,3,2014,10,6,2,15159,684,771,829,786,642,770,829,818,820,933,1152,1221,1112,985,1036,747,582,492,474,146963000
Airedale NHS Foundation Trust,4368,0.941391941,4,2014,13,9,5,15159,684,771,829,786,642,770,829,818,820,933,1152,1221,1112,985,1036,747,582,492,474,146963000
Airedale NHS Foundation Trust,4248,0.948210923,5,2014,14,10,6,15159,684,771,829,786,642,770,829,818,820,933,1152,1221,1112,985,1036,747,582,492,474,146963000
Airedale NHS Foundation Trust,4456,0.969479354,6,2014,17,13,9,15159,684,771,829,786,642,770,829,818,820,933,1152,1221,1112,985,1036,747,582,492,474,146963000
Airedale NHS Foundation Trust,4360,0.972477064,7,2014,20,16,11,15159,684,771,829,786,642,770,829,818,820,933,1152,1221,1112,985,1036,747,582,492,474,146963000
Airedale NHS Foundation Trust,3992,0.977955912,8,2014,17,13,9,15159,684,771,829,786,642,770,829,818,820,933,1152,1221,1112,985,1036,747,582,492,474,146963000
Airedale NHS Foundation Trust,4152,0.950867052,9,2014,18,13,9,15159,684,771,829,786,642,770,829,818,820,933,1152,1221,1112,985,1036,747,582,492,474,146963000
Airedale NHS Foundation Trust,3920,0.968367347,10,2014,13,10,8,15159,684,771,829,786,642,770,829,818,820,933,1152,1221,1112,985,1036,747,582,492,474,146963000
Airedale NHS Foundation Trust,3944,0.960446247,11,2014,9,7,5,15159,684,771,829,786,642,770,829,818,820,933,1152,1221,1112,985,1036,747,582,492,474,146963000
Airedale NHS Foundation Trust,4100,0.861463415,12,2014,6,4,2,15159,684,771,829,786,642,770,829,818,820,933,1152,1221,1112,985,1036,747,582,492,474,146963000
Airedale NHS Foundation Trust,3600,0.981111111,1,2015,5,3,0,15275,689,777,835,792,647,775,835,824,826,940,1160,1231,1121,992,1044,753,586,496,477,157701000
Airedale NHS Foundation Trust,3900,0.97025641,2,2015,5,2,0,15275,689,777,835,792,647,775,835,824,826,940,1160,1231,1121,992,1044,753,586,496,477,157701000
Airedale NHS Foundation Trust,4140,0.944927536,3,2015,8,5,2,15275,689,777,835,792,647,775,835,824,826,940,1160,1231,1121,992,1044,753,586,496,477,157701000
Airedale NHS Foundation Trust,4646,0.942100732,6,2015,16,12,7,15275,689,777,835,792,647,775,835,824,826,940,1160,1231,1121,992,1044,753,586,496,477,157701000
Airedale NHS Foundation Trust,4566,0.958388086,7,2015,17,14,9,15275,689,777,835,792,647,775,835,824,826,940,1160,1231,1121,992,1044,753,586,496,477,157701000
Airedale NHS Foundation Trust,4509,0.975604347,8,2015,18,14,11,15275,689,777,835,792,647,775,835,824,826,940,1160,1231,1121,992,1044,753,586,496,477,157701000
Airedale NHS Foundation Trust,4525,0.970607735,9,2015,15,11,8,15275,689,777,835,792,647,775,835,824,826,940,1160,1231,1121,992,1044,753,586,496,477,157701000
Airedale NHS Foundation Trust,4584,0.95069808,10,2015,13,9,6,15275,689,777,835,792,647,775,835,824,826,940,1160,1231,1121,992,1044,753,586,496,477,157701000
Airedale NHS Foundation Trust,4246,0.94418276,11,2015,11,8,6,15275,689,777,835,792,647,775,835,824,826,940,1160,1231,1121,992,1044,753,586,496,477,157701000
Airedale NHS Foundation Trust,4406,0.943486155,12,2015,10,8,5,15275,689,777,835,792,647,775,835,824,826,940,1160,1231,1121,992,1044,753,586,496,477,157701000
Airedale NHS Foundation Trust,4569,0.961698402,1,2016,6,4,2,15391,695,783,841,798,652,781,841,831,832,948,1169,1240,1129,1000,1052,758,591,500,481,164375000
Airedale NHS Foundation Trust,4332,0.934210526,2,2016,6,3,1,15391,695,783,841,798,652,781,841,831,832,948,1169,1240,1129,1000,1052,758,591,500,481,164375000
Airedale NHS Foundation Trust,4895,0.969560776,3,2016,8,4,1,15391,695,783,841,798,652,781,841,831,832,948,1169,1240,1129,1000,1052,758,591,500,481,164375000
Airedale NHS Foundation Trust,4564,0.934925504,4,2016,9,6,2,15391,695,783,841,798,652,781,841,831,832,948,1169,1240,1129,1000,1052,758,591,500,481,164375000
Airedale NHS Foundation Trust,5095,0.92423945,5,2016,14,10,6,15391,695,783,841,798,652,781,841,831,832,948,1169,1240,1129,1000,1052,758,591,500,481,164375000
Airedale NHS Foundation Trust,4665,0.9414791,6,2016,17,13,9,15391,695,783,841,798,652,781,841,831,832,948,1169,1240,1129,1000,1052,758,591,500,481,164375000
Airedale NHS Foundation Trust,5124,0.903200625,7,2016,18,14,10,15391,695,783,841,798,652,781,841,831,832,948,1169,1240,1129,1000,1052,758,591,500,481,164375000
Airedale NHS Foundation Trust,4765,0.888142707,8,2016,18,15,11,15391,695,783,841,798,652,781,841,831,832,948,1169,1240,1129,1000,1052,758,591,500,481,164375000
Airedale NHS Foundation Trust,4723,0.913402498,9,2016,18,14,11,15391,695,783,841,798,652,781,841,831,832,948,1169,1240,1129,1000,1052,758,591,500,481,164375000
Airedale NHS Foundation Trust,4852,0.901690025,10,2016,12,9,6,15391,695,783,841,798,652,781,841,831,832,948,1169,1240,1129,1000,1052,758,591,500,481,164375000
Airedale NHS Foundation Trust,4585,0.908178844,11,2016,7,4,2,15391,695,783,841,798,652,781,841,831,832,948,1169,1240,1129,1000,1052,758,591,500,481,164375000
Airedale NHS Foundation Trust,5335,0.869915651,12,2016,8,6,4,15391,695,783,841,798,652,781,841,831,832,948,1169,1240,1129,1000,1052,758,591,500,481,168955000
Airedale NHS Foundation Trust,4996,0.883907126,1,2017,5,3,1,15507,700,789,848,804,657,787,848,837,838,955,1178,1249,1138,1007,1060,764,595,503,484,168955000
Airedale NHS Foundation Trust,4577,0.944505134,2,2017,7,5,3,15507,700,789,848,804,657,787,848,837,838,955,1178,1249,1138,1007,1060,764,595,503,484,168955000
Airedale NHS Foundation Trust,5480,0.930839416,3,2017,10,7,4,15507,700,789,848,804,657,787,848,837,838,955,1178,1249,1138,1007,1060,764,595,503,484,168955000
Airedale NHS Foundation Trust,5318,0.932681459,4,2017,11,7,3,15507,700,789,848,804,657,787,848,837,838,955,1178,1249,1138,1007,1060,764,595,503,484,168955000
Airedale NHS Foundation Trust,5764,0.937369882,5,2017,15,11,7,15507,700,789,848,804,657,787,848,837,838,955,1178,1249,1138,1007,1060,764,595,503,484,168955000
Airedale NHS Foundation Trust,5424,0.952249263,6,2017,17,14,10,15507,700,789,848,804,657,787,848,837,838,955,1178,1249,1138,1007,1060,764,595,503,484,168955000
Airedale NHS Foundation Trust,5770,0.956499133,7,2017,18,14,11,15507,700,789,848,804,657,787,848,837,838,955,1178,1249,1138,1007,1060,764,595,503,484,168955000
Airedale NHS Foundation Trust,5225,0.931674641,8,2017,18,14,11,15507,700,789,848,804,657,787,848,837,838,955,1178,1249,1138,1007,1060,764,595,503,484,168955000
Airedale NHS Foundation Trust,5538,0.931563741,9,2017,15,12,9,15507,700,789,848,804,657,787,848,837,838,955,1178,1249,1138,1007,1060,764,595,503,484,168955000
Airedale NHS Foundation Trust,5547,0.941229493,10,2017,14,11,9,15507,700,789,848,804,657,787,848,837,838,955,1178,1249,1138,1007,1060,764,595,503,484,168955000
Airedale NHS Foundation Trust,5416,0.928545052,11,2017,8,6,4,15507,700,789,848,804,657,787,848,837,838,955,1178,1249,1138,1007,1060,764,595,503,484,168955000
Airedale NHS Foundation Trust,5878,0.908642395,12,2017,6,4,2,15507,700,789,848,804,657,787,848,837,838,955,1178,1249,1138,1007,1060,764,595,503,484,168955000
Airedale NHS Foundation Trust,5420,0.925645756,1,2018,6,4,2,15623,705,795,854,810,662,793,854,843,845,962,1187,1259,1146,1015,1068,770,599,507,488,185716000
Airedale NHS Foundation Trust,4751,0.913491896,2,2018,4,2,0,15623,705,795,854,810,662,793,854,843,845,962,1187,1259,1146,1015,1068,770,599,507,488,185716000
Airedale NHS Foundation Trust,5509,0.934107824,3,2018,6,3,1,15623,705,795,854,810,662,793,854,843,845,962,1187,1259,1146,1015,1068,770,599,507,488,185716000
Airedale NHS Foundation Trust,4681,0.922694644,4,2018,11,8,5,15623,705,795,854,810,662,793,854,843,845,962,1187,1259,1146,1015,1068,770,599,507,488,185716000
Airedale NHS Foundation Trust,5356,0.929974651,5,2018,17,13,8,15623,705,795,854,810,662,793,854,843,845,962,1187,1259,1146,1015,1068,770,599,507,488,185716000
Airedale NHS Foundation Trust,4889,0.932091242,6,2018,19,15,11,15623,705,795,854,810,662,793,854,843,845,962,1187,1259,1146,1015,1068,770,599,507,488,185716000
Airedale NHS Foundation Trust,5277,0.916406635,7,2018,22,18,13,15623,705,795,854,810,662,793,854,843,845,962,1187,1259,1146,1015,1068,770,599,507,488,185716000
Airedale NHS Foundation Trust,4968,0.897821577,8,2018,19,15,12,15623,705,795,854,810,662,793,854,843,845,962,1187,1259,1146,1015,1068,770,599,507,488,185716000
Airedale NHS Foundation Trust,4905,0.90238764,9,2018,15,12,9,15623,705,795,854,810,662,793,854,843,845,962,1187,1259,1146,1015,1068,770,599,507,488,185716000
Airedale NHS Foundation Trust,5019,0.92716008,10,2018,13,10,7,15623,705,795,854,810,662,793,854,843,845,962,1187,1259,1146,1015,1068,770,599,507,488,185716000
Airedale NHS Foundation Trust,4731,0.934574372,11,2018,9,7,5,15623,705,795,854,810,662,793,854,843,845,962,1187,1259,1146,1015,1068,770,599,507,488,185716000
Airedale NHS Foundation Trust,5101,0.875497147,12,2018,8,6,4,15623,705,795,854,810,662,793,854,843,845,962,1187,1259,1146,1015,1068,770,599,507,488,185716000
Airedale NHS Foundation Trust,5103,0.87752655,1,2019,5,3,1,15739,710,801,860,816,667,799,860,849,851,969,1196,1268,1155,1023,1076,775,604,511,492,185716000
Airedale NHS Foundation Trust,4671,0.88590604,2,2019,9,6,4,15739,710,801,860,816,667,799,860,849,851,969,1196,1268,1155,1023,1076,775,604,511,492,185716000
Airedale NHS Foundation Trust,5083,0.877896161,3,2019,9,7,4,15739,710,801,860,816,667,799,860,849,851,969,1196,1268,1155,1023,1076,775,604,511,492,210097000
Airedale NHS Foundation Trust,5211,0.860941734,4,2019,12,8,4,15739,710,801,860,816,667,799,860,849,851,969,1196,1268,1155,1023,1076,775,604,511,492,210097000
Airedale NHS Foundation Trust,5288,0.898402019,5,2019,14,10,6,15739,710,801,860,816,667,799,860,849,851,969,1196,1268,1155,1023,1076,775,604,511,492,210097000
Airedale NHS Foundation Trust,5221,0.859191431,6,2019,16,13,10,15739,710,801,860,816,667,799,860,849,851,969,1196,1268,1155,1023,1076,775,604,511,492,210097000
Airedale NHS Foundation Trust,5674,0.904807539,7,2019,20,17,13,15739,710,801,860,816,667,799,860,849,851,969,1196,1268,1155,1023,1076,775,604,511,492,210097000
Airedale NHS Foundation Trust,5360,0.883069224,8,2019,19,16,13,15739,710,801,860,816,667,799,860,849,851,969,1196,1268,1155,1023,1076,775,604,511,492,210097000
Airedale NHS Foundation Trust,5225,0.882561078,9,2019,16,13,10,15739,710,801,860,816,667,799,860,849,851,969,1196,1268,1155,1023,1076,775,604,511,492,210097000
Airedale NHS Foundation Trust,5370,0.853528628,10,2019,11,9,7,15739,710,801,860,816,667,799,860,849,851,969,1196,1268,1155,1023,1076,775,604,511,492,210097000
Airedale NHS Foundation Trust,5217,0.829651941,11,2019,7,5,3,15739,710,801,860,816,667,799,860,849,851,969,1196,1268,1155,1023,1076,775,604,511,492,210097000
Airedale NHS Foundation Trust,5397,0.782326186,12,2019,7,5,3,15739,710,801,860,816,667,799,860,849,851,969,1196,1268,1155,1023,1076,775,604,511,492,210097000
Airedale NHS Foundation Trust,5138,0.805860178,1,2020,7,5,3,15855,716,807,867,822,672,805,867,856,857,976,1204,1277,1163,1030,1084,781,608,515,495,228000000
Airedale NHS Foundation Trust,4593,0.864396999,2,2020,7,4,2,15855,716,807,867,822,672,805,867,856,857,976,1204,1277,1163,1030,1084,781,608,515,495,228000000
Airedale NHS Foundation Trust,4145,0.87040661,3,2020,8,5,2,15855,716,807,867,822,672,805,867,856,857,976,1204,1277,1163,1030,1084,781,608,515,495,228000000
Airedale NHS Foundation Trust,2953,0.912157861,4,2020,13,5,9,15855,716,807,867,822,672,805,867,856,857,976,1204,1277,1163,1030,1084,781,608,515,495,228000000
Airedale NHS Foundation Trust,3858,0.926231497,5,2020,5,11,7,15855,716,807,867,822,672,805,867,856,857,976,1204,1277,1163,1030,1084,781,608,515,495,228000000
Airedale NHS Foundation Trust,4216,0.938217123,6,2020,17,14,10,15855,716,807,867,822,672,805,867,856,857,976,1204,1277,1163,1030,1084,781,608,515,495,228000000
Airedale NHS Foundation Trust,4668,0.937314025,7,2020,17,14,11,15855,716,807,867,822,672,805,867,856,857,976,1204,1277,1163,1030,1084,781,608,515,495,228000000
Airedale NHS Foundation Trust,4913,0.902207002,8,2020,19,16,13,15855,716,807,867,822,672,805,867,856,857,976,1204,1277,1163,1030,1084,781,608,515,495,228000000
Airedale NHS Foundation Trust,4927,0.865252294,9,2020,16,13,9,15855,716,807,867,822,672,805,867,856,857,976,1204,1277,1163,1030,1084,781,608,515,495,228000000
Airedale NHS Foundation Trust,4574,0.822962666,10,2020,11,9,7,15855,716,807,867,822,672,805,867,856,857,976,1204,1277,1163,1030,1084,781,608,515,495,228000000
Airedale NHS Foundation Trust,4056,0.849177331,11,2020,10,7,5,15855,716,807,867,822,672,805,867,856,857,976,1204,1277,1163,1030,1084,781,608,515,495,228000000
Airedale NHS Foundation Trust,4347,0.865892972,12,2020,6,4,2,15855,716,807,867,822,672,805,867,856,857,976,1204,1277,1163,1030,1084,781,608,515,495,228000000
Airedale NHS Foundation Trust,4096,0.849099612,1,2021,3,2,0,16084,726,818,879,834,681,817,879,868,870,990,1222,1296,1180,1045,1100,792,617,522,502,241000000
Airedale NHS Foundation Trust,3833,0.849914863,2,2021,6,3,1,16084,726,818,879,834,681,817,879,868,870,990,1222,1296,1180,1045,1100,792,617,522,502,241000000
Airedale NHS Foundation Trust,5049,0.879354602,3,2021,9,6,3,16084,726,818,879,834,681,817,879,868,870,990,1222,1296,1180,1045,1100,792,617,522,502,241000000
Airedale NHS Foundation Trust,5733,0.855202121,4,2021,9,6,2,16084,726,818,879,834,681,817,879,868,870,990,1222,1296,1180,1045,1100,792,617,522,502,241000000
Airedale NHS Foundation Trust,6061,0.8334375,5,2021,12,8,5,16084,726,818,879,834,681,817,879,868,870,990,1222,1296,1180,1045,1100,792,617,522,502,241000000
Airedale NHS Foundation Trust,6302,0.777911164,6,2021,18,14,10,16084,726,818,879,834,681,817,879,868,870,990,1222,1296,1180,1045,1100,792,617,522,502,241000000
Airedale NHS Foundation Trust,6546,0.72066715,7,2021,20,16,13,16084,726,818,879,834,681,817,879,868,870,990,1222,1296,1180,1045,1100,792,617,522,502,241000000
Airedale NHS Foundation Trust,5890,0.725060435,8,2021,18,15,11,16084,726,818,879,834,681,817,879,868,870,990,1222,1296,1180,1045,1100,792,617,522,502,241000000
Airedale NHS Foundation Trust,5996,0.733058898,9,2021,18,14,11,16084,726,818,879,834,681,817,879,868,870,990,1222,1296,1180,1045,1100,792,617,522,502,241000000
Airedale NHS Foundation Trust,6117,0.678871923,10,2021,13,11,8,16084,726,818,879,834,681,817,879,868,870,990,1222,1296,1180,1045,1100,792,617,522,502,241000000
Airedale NHS Foundation Trust,5827,0.639181951,11,2021,9,7,5,16084,726,818,879,834,681,817,879,868,870,990,1222,1296,1180,1045,1100,792,617,522,502,241000000
Airedale NHS Foundation Trust,5646,0.62462261,12,2021,7,5,3,16084,726,818,879,834,681,817,879,868,870,990,1222,1296,1180,1045,1100,792,617,522,502,262000000
Airedale NHS Foundation Trust,5433,0.631597344,1,2022,7,4,2,16200,731,824,886,840,686,822,886,874,876,997,1231,1305,1189,1053,1108,798,622,526,506,262000000
Airedale NHS Foundation Trust,5233,0.623954925,2,2022,8,5,3,16200,731,824,886,840,686,822,886,874,876,997,1231,1305,1189,1053,1108,798,622,526,506,262000000
Airedale NHS Foundation Trust,6487,0.646472055,3,2022,10,6,3,16200,731,824,886,840,686,822,886,874,876,997,1231,1305,1189,1053,1108,798,622,526,506,262000000
Airedale NHS Foundation Trust,5850,0.598427776,4,2022,11,8,4,16200,731,824,886,840,686,822,886,874,876,997,1231,1305,1189,1053,1108,798,622,526,506,262000000
Airedale NHS Foundation Trust,6378,0.639001047,5,2022,15,11,8,16200,731,824,886,840,686,822,886,874,876,997,1231,1305,1189,1053,1108,798,622,526,506,262000000
Airedale NHS Foundation Trust,6281,0.6280627,6,2022,18,14,9,16200,731,824,886,840,686,822,886,874,876,997,1231,1305,1189,1053,1108,798,622,526,506,262000000
Airedale NHS Foundation Trust,6388,0.582265276,7,2022,21,17,12,16200,731,824,886,840,686,822,886,874,876,997,1231,1305,1189,1053,1108,798,622,526,506,262000000
Airedale NHS Foundation Trust,5869,0.595030655,8,2022,21,17,12,16200,731,824,886,840,686,822,886,874,876,997,1231,1305,1189,1053,1108,798,622,526,506,262000000
Airedale NHS Foundation Trust,5643,0.627381555,9,2022,16,13,9,16200,731,824,886,840,686,822,886,874,876,997,1231,1305,1189,1053,1108,798,622,526,506,262000000
Airedale NHS Foundation Trust,5855,0.567821301,10,2022,14,11,9,16200,731,824,886,840,686,822,886,874,876,997,1231,1305,1189,1053,1108,798,622,526,506,262000000
Airedale NHS Foundation Trust,5941,0.516465863,11,2022,10,8,6,16200,731,824,886,840,686,822,886,874,876,997,1231,1305,1189,1053,1108,798,622,526,506,262000000
Airedale NHS Foundation Trust,6208,0.456541912,12,2022,5,3,1,16200,731,824,886,840,686,822,886,874,876,997,1231,1305,1189,1053,1108,798,622,526,506,262000000
Airedale NHS Foundation Trust,5224,0.573446839,1,2023,6,4,2,16316,736,830,892,846,691,828,892,881,882,1005,1240,1315,1197,1060,1116,804,626,530,510,283000000
Airedale NHS Foundation Trust,4925,0.552898412,2,2023,9,6,3,16316,736,830,892,846,691,828,892,881,882,1005,1240,1315,1197,1060,1116,804,626,530,510,283000000
Airedale NHS Foundation Trust,5573,0.568707483,3,2023,8,5,2,16316,736,830,892,846,691,828,892,881,882,1005,1240,1315,1197,1060,1116,804,626,530,510,283000000
Airedale NHS Foundation Trust,5413,0.577907182,4,2023,11,7,4,16316,736,830,892,846,691,828,892,881,882,1005,1240,1315,1197,1060,1116,804,626,530,510,283000000
Airedale NHS Foundation Trust,6124,0.655968992,5,2023,16,11,7,16316,736,830,892,846,691,828,892,881,882,1005,1240,1315,1197,1060,1116,804,626,530,510,283000000
Airedale NHS Foundation Trust,6082,0.691919987,6,2023,20,15,10,16316,736,830,892,846,691,828,892,881,882,1005,1240,1315,1197,1060,1116,804,626,530,510,283000000
Airedale NHS Foundation Trust,6180,0.641871166,7,2023,18,14,11,16316,736,830,892,846,691,828,892,881,882,1005,1240,1315,1197,1060,1116,804,626,530,510,283000000
Airedale NHS Foundation Trust,5959,0.585611511,8,2023,18,14,11,16316,736,830,892,846,691,828,892,881,882,1005,1240,1315,1197,1060,1116,804,626,530,510,283000000
Airedale NHS Foundation Trust,5899,0.588691438,9,2023,18,15,12,16316,736,830,892,846,691,828,892,881,882,1005,1240,1315,1197,1060,1116,804,626,530,510,283000000
Airedale NHS Foundation Trust,6039,0.553664303,10,2023,13,10,8,16316,736,830,892,846,691,828,892,881,882,1005,1240,1315,1197,1060,1116,804,626,530,510,283000000
Airedale NHS Foundation Trust,5833,0.48060239,11,2023,8,6,4,16316,736,830,892,846,691,828,892,881,882,1005,1240,1315,1197,1060,1116,804,626,530,510,283000000
Airedale NHS Foundation Trust,5976,0.487320304,12,2023,7,6,4,16316,736,830,892,846,691,828,892,881,882,1005,1240,1315,1197,1060,1116,804,626,530,510,283000000
Airedale NHS Foundation Trust,6113,0.507369081,1,2024,6,4,2,16432,742,836,898,852,696,834,898,887,888,1012,1248,1324,1206,1068,1123,810,630,534,513,305000000
Airedale NHS Foundation Trust,5700,0.566078925,2,2024,8,6,4,16432,742,836,898,852,696,834,898,887,888,1012,1248,1324,1206,1068,1123,810,630,534,513,305000000
Airedale NHS Foundation Trust,6209,0.689049746,3,2024,9,6,4,16432,742,836,898,852,696,834,898,887,888,1012,1248,1324,1206,1068,1123,810,630,534,513,305000000
Airedale NHS Foundation Trust,6127,0.700811993,4,2024,11,7,4,16432,742,836,898,852,696,834,898,887,888,1012,1248,1324,1206,1068,1123,810,630,534,513,305000000
Airedale NHS Foundation Trust,6874,0.652653631,5,2024,16,12,9,16432,742,836,898,852,696,834,898,887,888,1012,1248,1324,1206,1068,1123,810,630,534,513,305000000
