Name,Type 1 Departments - Major A&E,Type 2 Departments - Single Specialty,Type 3 Departments - Other A&E/Minor Injury Unit,Total attendances,Type 1 Departments - Major A&E >4 hour,Type 2 Departments - Single Specialty >4 hour,Type 3 Departments - Other A&E/Minor Injury Unit >4 hour,Percentage in 4 hours or less (type 1),Percentage in 4 hours or less (all),Emergency Admissions via Type 1 A&E,Emergency Admissions via Type 2 A&E,Emergency Admissions via Type 3 and 4 A&E,Other Emergency admissions (i.e not via A&E),Number of patients spending >4 hours but <12 hours from decision to admit to admission,Number of patients spending >12 hours from decision to admit to admission,Month,Year
Salisbury NHS Foundation Trust,717,0,0,717,21,0,0,0.971,0.971,237,0,0,168,3,0,11,2010
Salisbury NHS Foundation Trust,663,0,0,663,25,0,0,0.962292609,0.962292609,278,0,0,153,5,0,12,2010
Salisbury NHS Foundation Trust,695,0,0,695,14,0,0,0.979856115,0.979856115,204,0,0,185,2,0,1,2011
Salisbury NHS Foundation Trust,723,0,0,723,11,0,0,0.984785615,0.984785615,233,0,0,148,3,0,2,2011
Salisbury NHS Foundation Trust,827,0,0,827,11,0,0,0.986698912,0.986698912,239,0,0,152,3,0,3,2011
Salisbury NHS Foundation Trust,841,0,0,841,9,0,0,0.989298454,0.989298454,230,0,0,129,0,0,4,2011
Salisbury NHS Foundation Trust,815,0,0,815,16,0,0,0.980368098,0.980368098,224,0,0,146,4,0,5,2011
Salisbury NHS Foundation Trust,800,0,0,800,24,0,0,0.97,0.97,227,0,0,158,4,0,6,2011
Salisbury NHS Foundation Trust,819,0,0,819,25,0,0,0.969474969,0.969474969,206,0,0,159,4,0,7,2011
Salisbury NHS Foundation Trust,755,0,0,755,8,0,0,0.989403974,0.989403974,216,0,0,154,3,0,8,2011
Salisbury NHS Foundation Trust,808,0,0,808,8,0,0,0.99009901,0.99009901,204,0,0,178,1,0,9,2011
Salisbury NHS Foundation Trust,807,0,0,807,8,0,0,0.879393285,0.939194789,254,0,0,184,1,0,10,2011
Salisbury NHS Foundation Trust,810,0,0,810,14,0,0,0.982716049,0.982716049,227,0,0,163,3,0,11,2011
Salisbury NHS Foundation Trust,697,0,0,697,9,0,0,0.987087518,0.987087518,200,0,0,147,2,0,12,2011
Salisbury NHS Foundation Trust,775,0,0,775,22,0,0,0.971612903,0.971612903,212,0,0,167,5,0,1,2012
Salisbury NHS Foundation Trust,830,0,0,830,24,0,0,0.971084337,0.971084337,209,0,0,151,11,0,2,2012
Salisbury NHS Foundation Trust,854,0,0,854,42,0,0,0.879393285,0.939194789,258,0,0,140,6,0,3,2012
Salisbury NHS Foundation Trust,766,0,0,766,13,0,0,0.983028721,0.983028721,215,0,0,144,3,0,4,2012
Salisbury NHS Foundation Trust,881,0,0,881,10,0,0,0.988649262,0.988649262,220,0,0,171,3,0,5,2012
Salisbury NHS Foundation Trust,888,0,0,888,15,0,0,0.983108108,0.983108108,239,0,0,137,3,0,6,2012
Salisbury NHS Foundation Trust,850,0,0,850,8,0,0,0.990588235,0.990588235,194,0,0,152,0,0,7,2012
Salisbury NHS Foundation Trust,833,0,0,833,26,0,0,0.968787515,0.968787515,235,0,0,118,6,0,8,2012
Salisbury NHS Foundation Trust,862,0,0,862,22,0,0,0.974477958,0.974477958,234,0,0,141,7,0,9,2012
Salisbury NHS Foundation Trust,865,0,0,865,26,0,0,0.969942197,0.969942197,257,0,0,137,4,0,10,2012
Salisbury NHS Foundation Trust,743,0,0,743,16,0,0,0.97846568,0.97846568,204,0,0,158,7,0,11,2012
Salisbury NHS Foundation Trust,760,0,0,760,18,0,0,0.976315789,0.976315789,213,0,0,139,1,0,12,2012
Salisbury NHS Foundation Trust,764,0,0,764,23,0,0,0.969895288,0.969895288,229,0,0,183,5,0,1,2013
Salisbury NHS Foundation Trust,828,0,0,828,30,0,0,0.963768116,0.963768116,224,0,0,145,5,0,2,2013
Salisbury NHS Foundation Trust,822,0,0,822,32,0,0,0.96107056,0.96107056,203,0,0,142,6,0,3,2013
Salisbury NHS Foundation Trust,894,0,0,894,36,0,0,0.959731544,0.959731544,211,0,0,132,7,0,4,2013
Salisbury NHS Foundation Trust,802,0,0,802,11,0,0,0.986284289,0.986284289,205,0,0,139,2,0,5,2013
Salisbury NHS Foundation Trust,924,0,0,924,13,0,0,0.985930736,0.985930736,209,0,0,134,4,0,6,2013
Salisbury NHS Foundation Trust,902,0,0,902,51,0,0,0.94345898,0.94345898,221,0,0,162,4,0,7,2013
Salisbury NHS Foundation Trust,868,0,0,868,27,0,0,0.968894009,0.968894009,234,0,0,161,4,0,8,2013
Salisbury NHS Foundation Trust,850,0,0,850,33,0,0,0.961176471,0.961176471,214,0,0,185,9,0,9,2013
Salisbury NHS Foundation Trust,819,0,0,819,55,0,0,0.932844933,0.932844933,242,0,0,152,11,0,10,2013
Salisbury NHS Foundation Trust,790,0,0,790,26,0,0,0.967088608,0.967088608,201,0,0,168,5,0,11,2013
Salisbury NHS Foundation Trust,719,0,0,719,26,0,0,0.963838665,0.963838665,206,0,0,112,4,0,12,2013
Salisbury NHS Foundation Trust,819,0,0,819,50,0,0,0.938949939,0.938949939,211,0,0,165,4,0,1,2014
Salisbury NHS Foundation Trust,804,0,0,804,31,0,0,0.961442786,0.961442786,225,0,0,154,4,0,2,2014
Salisbury NHS Foundation Trust,845,0,0,845,25,0,0,0.970414201,0.970414201,230,0,0,168,2,0,3,2014
Salisbury NHS Foundation Trust,822,0,0,822,39,0,0,0.952554745,0.952554745,224,0,0,144,6,0,4,2014
Salisbury NHS Foundation Trust,882,0,0,882,38,0,0,0.9569161,0.9569161,203,0,0,176,5,0,5,2014
Salisbury NHS Foundation Trust,949,0,0,949,50,0,0,0.947312961,0.947312961,197,0,0,156,7,0,6,2014
Salisbury NHS Foundation Trust,954,0,0,954,53,0,0,0.944444444,0.944444444,224,0,0,169,7,0,7,2014
Salisbury NHS Foundation Trust,880,0,0,880,47,0,0,0.946590909,0.946590909,226,0,0,149,5,0,8,2014
Salisbury NHS Foundation Trust,922,0,0,922,55,0,0,0.940347072,0.940347072,218,0,0,148,13,0,9,2014
Salisbury NHS Foundation Trust,836,0,0,836,36,0,0,0.956937799,0.956937799,208,0,0,153,9,0,10,2014
Salisbury NHS Foundation Trust,755,0,0,755,38,0,0,0.949668874,0.949668874,175,0,0,170,13,0,11,2014
Salisbury NHS Foundation Trust,752,0,0,752,50,0,0,0.933510638,0.933510638,243,0,0,135,16,0,12,2014
Salisbury NHS Foundation Trust,710,0,0,710,10,0,0,0.985915493,0.985915493,190,0,0,173,3,0,1,2015
Salisbury NHS Foundation Trust,767,0,0,767,55,0,0,0.928292047,0.928292047,226,0,0,177,19,0,2,2015
Salisbury NHS Foundation Trust,831,0,0,831,19,0,0,0.977135981,0.977135981,191,0,0,199,10,0,3,2015
Salisbury NHS Foundation Trust,3809,0,0,3809,100,0,0,0.97374639,0.97374639,981,0,0,770,18,0,6,2015
Salisbury NHS Foundation Trust,4018,0,0,4018,100,0,0,0.975111996,0.975111996,984,0,0,759,14,0,7,2015
Salisbury NHS Foundation Trust,3627,0,0,3627,147,0,0,0.959470637,0.959470637,927,0,0,686,22,0,8,2015
Salisbury NHS Foundation Trust,3866,0,0,3866,188,0,0,0.951370926,0.951370926,994,0,0,759,20,0,9,2015
Salisbury NHS Foundation Trust,3758,0,0,3758,206,0,0,0.945183608,0.945183608,1022,0,0,775,20,0,10,2015
Salisbury NHS Foundation Trust,3660,0,0,3660,221,0,0,0.939617486,0.939617486,979,0,0,696,44,0,11,2015
Salisbury NHS Foundation Trust,3533,0,0,3533,212,0,0,0.939994339,0.939994339,1068,0,0,700,27,0,12,2015
Salisbury NHS Foundation Trust,3567,0,0,3567,208,0,0,0.941687693,0.941687693,1054,0,0,708,40,0,1,2016
Salisbury NHS Foundation Trust,3556,0,0,3556,258,0,0,0.927446569,0.927446569,1085,0,0,753,65,0,2,2016
Salisbury NHS Foundation Trust,3976,0,0,3976,378,0,0,0.904929577,0.904929577,1134,0,0,750,75,0,3,2016
Salisbury NHS Foundation Trust,3693,294,0,3987,351,14,0,0.904955321,0.908452471,1048,0,0,710,84,0,4,2016
Salisbury NHS Foundation Trust,4263,267,0,4530,252,11,0,0.9408867,0.941942605,1223,0,0,726,43,0,5,2016
Salisbury NHS Foundation Trust,3940,361,0,4301,300,10,0,0.923857868,0.927923739,1028,0,0,767,83,0,6,2016
Salisbury NHS Foundation Trust,4341,314,0,4655,453,7,0,0.895646164,0.901181525,1083,0,0,805,116,0,7,2016
Salisbury NHS Foundation Trust,4010,311,0,4321,278,0,0,0.930673317,0.935663041,986,0,0,686,68,0,8,2016
Salisbury NHS Foundation Trust,4008,326,0,4334,311,0,0,0.92240519,0.928241809,1029,0,0,758,62,0,9,2016
Salisbury NHS Foundation Trust,4028,305,0,4333,326,0,0,0.919066534,0.924763443,1006,0,0,705,69,0,10,2016
Salisbury NHS Foundation Trust,3731,252,0,3983,420,0,0,0.887429644,0.894551845,996,0,0,751,66,0,11,2016
Salisbury NHS Foundation Trust,3703,215,0,3918,433,0,0,0.883067783,0.889484431,1051,0,0,696,74,0,12,2016
Salisbury NHS Foundation Trust,3550,282,0,3832,581,0,0,0.836338028,0.848382046,1126,0,0,691,144,0,1,2017
Salisbury NHS Foundation Trust,3223,325,0,3548,543,0,0,0.831523425,0.846956032,954,0,0,663,141,0,2,2017
Salisbury NHS Foundation Trust,3807,325,0,4132,303,0,0,0.920409771,0.926669894,1062,0,0,762,53,0,3,2017
Salisbury NHS Foundation Trust,3839,276,0,4115,205,0,0,0.946600677,0.95018226,1043,0,0,682,25,0,4,2017
Salisbury NHS Foundation Trust,4031,264,0,4295,297,0,0,0.926321012,0.930849825,1054,0,0,779,68,0,5,2017
Salisbury NHS Foundation Trust,4002,271,0,4273,184,0,0,0.954022989,0.956938919,1038,0,0,790,20,0,6,2017
Salisbury NHS Foundation Trust,4141,270,0,4411,191,0,0,0.953875875,0.956699161,1127,0,0,724,36,0,7,2017
Salisbury NHS Foundation Trust,3977,279,0,4256,371,0,0,0.906713603,0.912828947,1125,0,0,717,67,0,8,2017
Salisbury NHS Foundation Trust,3822,247,0,4069,339,0,0,0.911302983,0.916687147,1042,0,0,763,55,0,9,2017
Salisbury NHS Foundation Trust,3978,328,0,4306,214,0,0,0.946204123,0.950301904,1113,0,0,787,34,0,10,2017
Salisbury NHS Foundation Trust,3940,311,0,4251,209,0,0,0.946954315,0.950835098,1131,0,0,738,32,0,11,2017
Salisbury NHS Foundation Trust,3840,271,0,4111,477,0,0,0.87578125,0.883969837,1205,0,0,742,97,0,12,2017
Salisbury NHS Foundation Trust,3666,320,0,3986,533,0,0,0.854609929,0.866281987,1176,0,0,773,112,0,1,2018
Salisbury NHS Foundation Trust,3499,352,0,3851,387,0,0,0.889396971,0.899506622,1118,0,0,704,66,0,2,2018
Salisbury NHS Foundation Trust,3675,274,0,3949,404,0,0,0.890068027,0.897695619,1237,0,0,717,60,0,3,2018
Salisbury NHS Foundation Trust,3887,310,0,4197,290,0,0,0.930903026,0.925392333,1195,0,0,671,75,0,4,2018
Salisbury NHS Foundation Trust,4334,306,0,4640,402,0,0,0.913362069,0.907245039,1215,0,0,670,61,0,5,2018
Salisbury NHS Foundation Trust,4273,286,0,4559,373,0,0,0.918183812,0.9127077,1189,0,0,732,50,0,6,2018
Salisbury NHS Foundation Trust,4517,315,0,4832,443,0,0,0.908319536,0.901926057,1211,0,0,728,74,0,7,2018
Salisbury NHS Foundation Trust,3945,299,0,4244,593,0,0,0.860273327,0.849683143,1247,0,0,706,113,0,8,2018
Salisbury NHS Foundation Trust,4050,288,0,4338,700,0,0,0.838635316,0.827160494,1163,0,0,675,160,0,9,2018
Salisbury NHS Foundation Trust,4108,319,0,4427,752,0,0,0.830133273,0.816942551,1216,0,0,791,195,0,10,2018
Salisbury NHS Foundation Trust,3931,274,0,4205,670,1,0,0.840428062,0.829559908,1135,0,0,741,113,0,11,2018
Salisbury NHS Foundation Trust,3980,238,1503,5721,384,0,0,0.932878867,0.903517588,1269,0,0,646,59,0,12,2018
Salisbury NHS Foundation Trust,4066,265,0,4331,652,0,0,0.8494574,0.839645844,1221,0,0,876,134,0,1,2019
Salisbury NHS Foundation Trust,3757,230,1402,5389,573,0,0,0.893672295,0.847484695,1072,0,0,747,91,0,2,2019
Salisbury NHS Foundation Trust,4263,270,1677,6210,482,0,0,0.922383253,0.886934084,1249,0,0,768,42,0,3,2019
Salisbury NHS Foundation Trust,4058,263,1566,5887,444,0,0,0.924579582,0.890586496,1194,0,0,703,47,0,4,2019
Salisbury NHS Foundation Trust,4328,243,1638,6209,694,1,0,0.888065711,0.839648799,1225,0,0,774,92,0,5,2019
Salisbury NHS Foundation Trust,4256,282,1536,6074,497,0,0,0.918175831,0.883223684,1147,0,0,758,46,0,6,2019
Salisbury NHS Foundation Trust,4755,303,1486,6544,623,0,0,0.904798289,0.868980021,1192,0,0,799,64,0,7,2019
Salisbury NHS Foundation Trust,4329,270,1634,6233,310,0,0,0.95026472,0.928389928,1207,0,0,743,40,0,8,2019
Salisbury NHS Foundation Trust,4480,303,1455,6238,529,0,0,0.915197179,0.881919643,1188,0,0,786,130,0,9,2019
Salisbury NHS Foundation Trust,4387,329,1317,6033,496,0,0,0.917785513,0.886938682,1271,0,0,849,113,0,10,2019
Salisbury NHS Foundation Trust,4331,281,1361,5973,813,0,0,0.863887494,0.812283537,1183,0,0,736,246,0,11,2019
Salisbury NHS Foundation Trust,4340,259,1565,6164,808,0,0,0.868916288,0.813824885,1252,0,0,996,174,0,12,2019
Salisbury NHS Foundation Trust,4242,323,1427,5992,762,0,0,0.872830441,0.820367751,1255,0,0,1110,196,0,1,2020
Salisbury NHS Foundation Trust,3882,271,1361,5514,655,0,0,0.881211462,0.83127254,1143,0,0,917,142,0,2,2020
Salisbury NHS Foundation Trust,3231,185,864,4280,438,0,0,0.897663551,0.864438254,1010,0,0,741,90,0,3,2020
Salisbury NHS Foundation Trust,2470,97,572,3139,174,0,0,0.944568334,0.929554656,862,0,0,485,18,0,4,2020
Salisbury NHS Foundation Trust,3317,164,928,4409,220,0,0,0.950102064,0.933675008,1085,0,0,620,17,0,5,2020
Salisbury NHS Foundation Trust,3570,237,798,4605,200,0,0,0.956568947,0.943977591,1139,0,0,670,32,0,6,2020
Salisbury NHS Foundation Trust,4209,263,832,5304,365,0,0,0.931184012,0.913281064,1285,0,0,720,40,0,7,2020
Salisbury NHS Foundation Trust,4358,237,1174,5769,533,0,0,0.907609638,0.877696191,1332,0,0,685,52,0,8,2020
Salisbury NHS Foundation Trust,4068,276,917,5261,629,0,0,0.880440981,0.845378564,1211,0,0,781,98,1,9,2020
Salisbury NHS Foundation Trust,3826,280,712,4818,490,0,0,0.898298049,0.871928907,1161,0,0,747,95,0,10,2020
Salisbury NHS Foundation Trust,3437,260,712,4409,451,0,0,0.897709231,0.868780914,1121,0,0,657,80,0,11,2020
Salisbury NHS Foundation Trust,3343,254,742,4339,620,0,0,0.857109933,0.81453784,1151,0,0,683,165,0,12,2020
Salisbury NHS Foundation Trust,2877,139,742,3758,843,0,0,0.775678552,0.706986444,1136,0,0,572,280,0,1,2021
Salisbury NHS Foundation Trust,2826,191,627,3644,442,0,0,0.87870472,0.843595188,1030,0,0,551,103,0,2,2021
Salisbury NHS Foundation Trust,3665,290,775,4730,432,0,0,0.908668076,0.88212824,1110,0,0,707,83,0,3,2021
Salisbury NHS Foundation Trust,4231,243,912,5386,809,0,0,0.849795767,0.808792248,1299,0,0,738,126,0,4,2021
Salisbury NHS Foundation Trust,4586,244,1180,6010,958,0,0,0.840599002,0.791103358,1320,0,0,732,112,0,5,2021
Salisbury NHS Foundation Trust,4912,277,1134,6323,1370,0,0,0.783330697,0.721091205,1349,0,0,782,127,0,6,2021
Salisbury NHS Foundation Trust,4885,274,1414,6573,1145,0,0,0.825802525,0.765609007,1269,0,0,749,129,0,7,2021
Salisbury NHS Foundation Trust,4537,273,1309,6119,1305,0,0,0.786729858,0.712364999,1211,0,0,743,251,0,8,2021
Salisbury NHS Foundation Trust,4634,291,1247,6172,1428,0,0,0.768632534,0.6918429,1235,0,0,789,192,0,9,2021
Salisbury NHS Foundation Trust,4704,269,1428,6401,1410,0,0,0.779721918,0.700255102,1348,0,0,702,335,0,10,2021
Salisbury NHS Foundation Trust,4236,219,1281,5736,1336,0,0,0.767085077,0.684608121,1281,0,0,718,369,0,11,2021
Salisbury NHS Foundation Trust,3965,205,1339,5509,1033,0,0,0.812488655,0.739470366,1294,0,0,663,371,0,12,2021
Salisbury NHS Foundation Trust,3962,213,1370,5545,968,0,0,0.825428314,0.75567895,1329,0,0,672,318,0,1,2022
Salisbury NHS Foundation Trust,3812,251,1213,5276,1248,0,0,0.763457165,0.672612802,1217,0,0,648,439,0,2,2022
Salisbury NHS Foundation Trust,4291,287,1536,6114,1516,0,0,0.752044488,0.6467024,1195,0,0,644,490,0,3,2022
Salisbury NHS Foundation Trust,4185,249,1917,6351,1795,0,0,0.717367344,0.571087216,1182,0,0,578,498,25,4,2022
Salisbury NHS Foundation Trust,4470,317,1788,6575,1624,0,0,0.753003802,0.636689038,1286,0,0,645,446,7,5,2022
Salisbury NHS Foundation Trust,4339,267,2005,6611,1800,0,0,0.727726516,0.58515787,1260,0,0,655,423,2,6,2022
Salisbury NHS Foundation Trust,4405,221,1912,6538,1768,0,0,0.729580912,0.598637911,1266,0,0,645,409,14,7,2022
Salisbury NHS Foundation Trust,4299,234,1642,6175,1763,0,0,0.714493927,0.589904629,1202,0,0,617,434,2,8,2022
Salisbury NHS Foundation Trust,4356,258,1577,6191,1924,0,0,0.689226296,0.558310376,1225,0,0,607,451,9,9,2022
Salisbury NHS Foundation Trust,4298,250,1788,6336,1843,0,0,0.709122475,0.571195905,1211,0,0,683,478,26,10,2022
Salisbury NHS Foundation Trust,4216,261,1654,6131,1633,0,0,0.733648671,0.612666034,1150,0,0,814,469,22,11,2022
Salisbury NHS Foundation Trust,4119,223,2497,6839,1825,0,0,0.733148121,0.556931294,1213,0,0,810,528,75,12,2022
Salisbury NHS Foundation Trust,3686,233,1944,5863,1426,0,0,0.756779806,0.613130765,1152,0,0,829,440,39,1,2023
Salisbury NHS Foundation Trust,3780,253,1586,5619,1577,0,0,0.719345079,0.582804233,1117,0,0,787,428,23,2,2023
Salisbury NHS Foundation Trust,4226,312,1679,6217,1688,0,0,0.728486408,0.600567913,1263,0,0,840,428,6,3,2023
Salisbury NHS Foundation Trust,3966,238,1997,6201,1383,0,0,0.776971456,0.65128593,1200,0,0,696,375,16,4,2023
Salisbury NHS Foundation Trust,4471,258,1832,6561,1621,0,0,0.752934004,0.637441288,1195,0,0,811,419,16,5,2023
Salisbury NHS Foundation Trust,4600,318,1671,6589,1614,0,0,0.755046289,0.649130435,1244,0,0,776,330,1,6,2023
Salisbury NHS Foundation Trust,4467,313,1747,6527,1285,0,0,0.803125479,0.7123349,1301,0,0,772,305,1,7,2023
Salisbury NHS Foundation Trust,4305,278,1737,6320,1538,0,0,0.75664557,0.642740999,1270,0,0,687,409,6,8,2023
Salisbury NHS Foundation Trust,4564,298,1618,6480,1780,0,0,0.725308642,0.609991236,1250,0,0,747,399,2,9,2023
Salisbury NHS Foundation Trust,4547,316,1608,6471,1835,0,0,0.716427136,0.596437211,1305,0,0,806,459,3,10,2023
Salisbury NHS Foundation Trust,4455,301,1567,6323,1712,0,0,0.729242448,0.615712682,1251,0,0,921,470,2,11,2023
Salisbury NHS Foundation Trust,4264,264,2046,6574,1804,0,0,0.72558564,0.576923077,1314,0,0,786,433,5,12,2023
Salisbury NHS Foundation Trust,4370,319,1860,6549,1900,0,0,0.709879371,0.565217391,1280,0,0,819,511,6,1,2024
Salisbury NHS Foundation Trust,4257,355,1657,6269,1839,0,0,0.706651779,0.568005638,1186,0,0,800,464,3,2,2024
Salisbury NHS Foundation Trust,4969,294,2148,7411,1863,0,0,0.748616921,0.625075468,1457,0,0,936,469,0,3,2024
Salisbury NHS Foundation Trust,4492,350,1880,6722,1811,0,0,0.730586135,0.596838825,1378,0,0,887,475,6,4,2024
Salisbury NHS Foundation Trust,4882,319,2165,7366,1817,0,0,0.753326093,0.627816469,1450,0,0,922,375,5,5,2024
