Name,Type 1 Departments - Major A&E,Percentage in 4 hours or less (type 1),Month,Year,Max temp,Avrg temp,Min temp,Population,Age 0 to 4,Age 5 to 9,Age 10 to 14,Age 15 to 19,Age 20 to 24,Age 25 to 29,Age 30 to 34,Age 35 to 39,Age 40 to 44,Age 45 to 49,Age 50 to 54,Age 55 to 59,Age 60 to 64,Age 65 to 69,Age 70 to 74,Age 75 to 79,Age 80 to 84,Age 85+,BAME,Budget
East Cheshire NHS Trust,3256,0.966,11,2010,7,4,2,368539,18397,20431,21154,18205,16252,20063,22444,22628,22093,24552,28012,28193,23660,20616,22554,16621,11535,11093,20638,116002000
East Cheshire NHS Trust,3304,0.918886199,12,2010,1,-1,-3,368539,18397,20431,21154,18205,16252,20063,22444,22628,22093,24552,28012,28193,23660,20616,22554,16621,11535,11093,20638,116002000
East Cheshire NHS Trust,3332,0.962785114,1,2011,6,3,0,369874,18464,20505,21230,18271,16311,20135,22525,22710,22173,24641,28114,28295,23745,20690,22636,16681,11577,11133,20712,116002000
East Cheshire NHS Trust,3144,0.988549618,2,2011,8,6,3,369874,18464,20505,21230,18271,16311,20135,22525,22710,22173,24641,28114,28295,23745,20690,22636,16681,11577,11133,20712,116002000
East Cheshire NHS Trust,3820,0.982198953,3,2011,11,6,2,369874,18464,20505,21230,18271,16311,20135,22525,22710,22173,24641,28114,28295,23745,20690,22636,16681,11577,11133,20712,116002000
East Cheshire NHS Trust,3944,0.953346856,4,2011,16,11,6,369874,18464,20505,21230,18271,16311,20135,22525,22710,22173,24641,28114,28295,23745,20690,22636,16681,11577,11133,20712,116002000
East Cheshire NHS Trust,3616,0.962389381,5,2011,15,11,7,369874,18464,20505,21230,18271,16311,20135,22525,22710,22173,24641,28114,28295,23745,20690,22636,16681,11577,11133,20712,116002000
East Cheshire NHS Trust,3724,0.970998926,6,2011,17,13,8,369874,18464,20505,21230,18271,16311,20135,22525,22710,22173,24641,28114,28295,23745,20690,22636,16681,11577,11133,20712,116002000
East Cheshire NHS Trust,3792,0.973628692,7,2011,19,14,10,369874,18464,20505,21230,18271,16311,20135,22525,22710,22173,24641,28114,28295,23745,20690,22636,16681,11577,11133,20712,116002000
East Cheshire NHS Trust,3584,0.975446429,8,2011,18,15,11,369874,18464,20505,21230,18271,16311,20135,22525,22710,22173,24641,28114,28295,23745,20690,22636,16681,11577,11133,20712,116002000
East Cheshire NHS Trust,3864,0.945134576,9,2011,18,14,10,369874,18464,20505,21230,18271,16311,20135,22525,22710,22173,24641,28114,28295,23745,20690,22636,16681,11577,11133,20712,116002000
East Cheshire NHS Trust,3752,0.879393285,10,2011,15,12,9,369874,18464,20505,21230,18271,16311,20135,22525,22710,22173,24641,28114,28295,23745,20690,22636,16681,11577,11133,20712,116002000
East Cheshire NHS Trust,3472,0.958525346,11,2011,12,9,6,369874,18464,20505,21230,18271,16311,20135,22525,22710,22173,24641,28114,28295,23745,20690,22636,16681,11577,11133,20712,116002000
East Cheshire NHS Trust,3232,0.985148515,12,2011,8,5,3,369874,18464,20505,21230,18271,16311,20135,22525,22710,22173,24641,28114,28295,23745,20690,22636,16681,11577,11133,20712,116002000
East Cheshire NHS Trust,3732,0.888531618,1,2012,7,4,2,371551,18547,20598,21327,18354,16385,20227,22627,22813,22274,24752,28241,28423,23853,20784,22738,16756,11629,11183,20806,176835000
East Cheshire NHS Trust,4056,0.881656805,2,2012,7,4,1,371551,18547,20598,21327,18354,16385,20227,22627,22813,22274,24752,28241,28423,23853,20784,22738,16756,11629,11183,20806,176835000
East Cheshire NHS Trust,4044,0.879393285,3,2012,13,8,3,371551,18547,20598,21327,18354,16385,20227,22627,22813,22274,24752,28241,28423,23853,20784,22738,16756,11629,11183,20806,176835000
East Cheshire NHS Trust,3776,0.962923729,4,2012,10,6,2,371551,18547,20598,21327,18354,16385,20227,22627,22813,22274,24752,28241,28423,23853,20784,22738,16756,11629,11183,20806,176835000
East Cheshire NHS Trust,3792,0.998945148,5,2012,15,11,6,371551,18547,20598,21327,18354,16385,20227,22627,22813,22274,24752,28241,28423,23853,20784,22738,16756,11629,11183,20806,176835000
East Cheshire NHS Trust,3868,0.948293692,6,2012,16,13,9,371551,18547,20598,21327,18354,16385,20227,22627,22813,22274,24752,28241,28423,23853,20784,22738,16756,11629,11183,20806,176835000
East Cheshire NHS Trust,4012,0.966101695,7,2012,18,14,10,371551,18547,20598,21327,18354,16385,20227,22627,22813,22274,24752,28241,28423,23853,20784,22738,16756,11629,11183,20806,176835000
East Cheshire NHS Trust,3504,0.96347032,8,2012,19,15,11,371551,18547,20598,21327,18354,16385,20227,22627,22813,22274,24752,28241,28423,23853,20784,22738,16756,11629,11183,20806,176835000
East Cheshire NHS Trust,3584,0.9921875,9,2012,16,12,8,371551,18547,20598,21327,18354,16385,20227,22627,22813,22274,24752,28241,28423,23853,20784,22738,16756,11629,11183,20806,176835000
East Cheshire NHS Trust,3624,0.961368653,10,2012,12,9,5,371551,18547,20598,21327,18354,16385,20227,22627,22813,22274,24752,28241,28423,23853,20784,22738,16756,11629,11183,20806,176835000
East Cheshire NHS Trust,3556,0.983127109,11,2012,9,6,3,371551,18547,20598,21327,18354,16385,20227,22627,22813,22274,24752,28241,28423,23853,20784,22738,16756,11629,11183,20806,176835000
East Cheshire NHS Trust,3656,0.967177243,12,2012,6,4,2,371551,18547,20598,21327,18354,16385,20227,22627,22813,22274,24752,28241,28423,23853,20784,22738,16756,11629,11183,20806,176835000
East Cheshire NHS Trust,3384,0.947990544,1,2013,5,3,0,372680,18604,20661,21391,18410,16435,20288,22696,22882,22342,24827,28327,28510,23926,20847,22808,16807,11664,11217,20870,185725000
East Cheshire NHS Trust,3876,0.801857585,2,2013,6,2,-1,372680,18604,20661,21391,18410,16435,20288,22696,22882,22342,24827,28327,28510,23926,20847,22808,16807,11664,11217,20870,185725000
East Cheshire NHS Trust,3672,0.887799564,3,2013,6,2,-2,372680,18604,20661,21391,18410,16435,20288,22696,22882,22342,24827,28327,28510,23926,20847,22808,16807,11664,11217,20870,185725000
East Cheshire NHS Trust,3872,0.983471074,4,2013,11,6,2,372680,18604,20661,21391,18410,16435,20288,22696,22882,22342,24827,28327,28510,23926,20847,22808,16807,11664,11217,20870,185725000
East Cheshire NHS Trust,3680,0.965217391,5,2013,14,10,5,372680,18604,20661,21391,18410,16435,20288,22696,22882,22342,24827,28327,28510,23926,20847,22808,16807,11664,11217,20870,185725000
East Cheshire NHS Trust,3660,0.974863388,6,2013,18,13,8,372680,18604,20661,21391,18410,16435,20288,22696,22882,22342,24827,28327,28510,23926,20847,22808,16807,11664,11217,20870,185725000
East Cheshire NHS Trust,3884,0.946446962,7,2013,24,18,12,372680,18604,20661,21391,18410,16435,20288,22696,22882,22342,24827,28327,28510,23926,20847,22808,16807,11664,11217,20870,185725000
East Cheshire NHS Trust,3732,0.947481243,8,2013,21,16,11,372680,18604,20661,21391,18410,16435,20288,22696,22882,22342,24827,28327,28510,23926,20847,22808,16807,11664,11217,20870,185725000
East Cheshire NHS Trust,3912,0.924335378,9,2013,17,13,9,372680,18604,20661,21391,18410,16435,20288,22696,22882,22342,24827,28327,28510,23926,20847,22808,16807,11664,11217,20870,185725000
East Cheshire NHS Trust,3396,0.931684335,10,2013,15,11,8,372680,18604,20661,21391,18410,16435,20288,22696,22882,22342,24827,28327,28510,23926,20847,22808,16807,11664,11217,20870,185725000
East Cheshire NHS Trust,3632,0.917400881,11,2013,9,6,3,372680,18604,20661,21391,18410,16435,20288,22696,22882,22342,24827,28327,28510,23926,20847,22808,16807,11664,11217,20870,185725000
East Cheshire NHS Trust,3224,0.983870968,12,2013,8,5,3,372680,18604,20661,21391,18410,16435,20288,22696,22882,22342,24827,28327,28510,23926,20847,22808,16807,11664,11217,20870,185725000
East Cheshire NHS Trust,3192,0.957393484,1,2014,7,4,2,373788,18659,20722,21455,18465,16484,20349,22763,22950,22408,24901,28411,28594,23997,20909,22875,16857,11699,11251,20932,180080000
East Cheshire NHS Trust,3624,0.979028698,2,2014,8,5,2,373788,18659,20722,21455,18465,16484,20349,22763,22950,22408,24901,28411,28594,23997,20909,22875,16857,11699,11251,20932,180080000
East Cheshire NHS Trust,3452,0.950173812,3,2014,12,7,3,373788,18659,20722,21455,18465,16484,20349,22763,22950,22408,24901,28411,28594,23997,20909,22875,16857,11699,11251,20932,180080000
East Cheshire NHS Trust,3824,0.975941423,4,2014,14,10,5,373788,18659,20722,21455,18465,16484,20349,22763,22950,22408,24901,28411,28594,23997,20909,22875,16857,11699,11251,20932,180080000
East Cheshire NHS Trust,3820,0.952879581,5,2014,16,12,7,373788,18659,20722,21455,18465,16484,20349,22763,22950,22408,24901,28411,28594,23997,20909,22875,16857,11699,11251,20932,180080000
East Cheshire NHS Trust,4132,0.912875121,6,2014,19,15,10,373788,18659,20722,21455,18465,16484,20349,22763,22950,22408,24901,28411,28594,23997,20909,22875,16857,11699,11251,20932,180080000
East Cheshire NHS Trust,4088,0.942270059,7,2014,22,17,11,373788,18659,20722,21455,18465,16484,20349,22763,22950,22408,24901,28411,28594,23997,20909,22875,16857,11699,11251,20932,180080000
East Cheshire NHS Trust,3624,0.930463576,8,2014,19,14,10,373788,18659,20722,21455,18465,16484,20349,22763,22950,22408,24901,28411,28594,23997,20909,22875,16857,11699,11251,20932,180080000
East Cheshire NHS Trust,3904,0.965163934,9,2014,19,14,10,373788,18659,20722,21455,18465,16484,20349,22763,22950,22408,24901,28411,28594,23997,20909,22875,16857,11699,11251,20932,180080000
East Cheshire NHS Trust,3756,0.958466454,10,2014,15,11,8,373788,18659,20722,21455,18465,16484,20349,22763,22950,22408,24901,28411,28594,23997,20909,22875,16857,11699,11251,20932,180080000
East Cheshire NHS Trust,3608,0.963414634,11,2014,10,8,5,373788,18659,20722,21455,18465,16484,20349,22763,22950,22408,24901,28411,28594,23997,20909,22875,16857,11699,11251,20932,180080000
East Cheshire NHS Trust,3316,0.891435464,12,2014,7,5,3,373788,18659,20722,21455,18465,16484,20349,22763,22950,22408,24901,28411,28594,23997,20909,22875,16857,11699,11251,20932,180080000
East Cheshire NHS Trust,3436,0.868451688,1,2015,7,4,1,375148,18727,20798,21533,18532,16544,20423,22846,23034,22490,24992,28514,28698,24084,20985,22959,16919,11742,11291,21008,183791000
East Cheshire NHS Trust,3172,0.881462799,2,2015,7,3,1,375148,18727,20798,21533,18532,16544,20423,22846,23034,22490,24992,28514,28698,24084,20985,22959,16919,11742,11291,21008,183791000
East Cheshire NHS Trust,3736,0.745182013,3,2015,10,6,2,375148,18727,20798,21533,18532,16544,20423,22846,23034,22490,24992,28514,28698,24084,20985,22959,16919,11742,11291,21008,183791000
East Cheshire NHS Trust,3936,0.90828252,6,2015,18,13,8,375148,18727,20798,21533,18532,16544,20423,22846,23034,22490,24992,28514,28698,24084,20985,22959,16919,11742,11291,21008,183791000
East Cheshire NHS Trust,3967,0.937736325,7,2015,19,15,10,375148,18727,20798,21533,18532,16544,20423,22846,23034,22490,24992,28514,28698,24084,20985,22959,16919,11742,11291,21008,183791000
East Cheshire NHS Trust,3849,0.941543258,8,2015,20,15,11,375148,18727,20798,21533,18532,16544,20423,22846,23034,22490,24992,28514,28698,24084,20985,22959,16919,11742,11291,21008,183791000
East Cheshire NHS Trust,3824,0.968096234,9,2015,16,12,8,375148,18727,20798,21533,18532,16544,20423,22846,23034,22490,24992,28514,28698,24084,20985,22959,16919,11742,11291,21008,183791000
East Cheshire NHS Trust,3970,0.92720403,10,2015,14,10,7,375148,18727,20798,21533,18532,16544,20423,22846,23034,22490,24992,28514,28698,24084,20985,22959,16919,11742,11291,21008,183791000
East Cheshire NHS Trust,3802,0.905312993,11,2015,12,9,6,375148,18727,20798,21533,18532,16544,20423,22846,23034,22490,24992,28514,28698,24084,20985,22959,16919,11742,11291,21008,183791000
East Cheshire NHS Trust,3949,0.861737149,12,2015,11,9,6,375148,18727,20798,21533,18532,16544,20423,22846,23034,22490,24992,28514,28698,24084,20985,22959,16919,11742,11291,21008,183791000
East Cheshire NHS Trust,3896,0.898870637,1,2016,8,5,3,376510,18795,20873,21611,18599,16604,20497,22929,23117,22571,25083,28618,28803,24171,21061,23042,16980,11784,11332,21084,172345000
East Cheshire NHS Trust,3802,0.875854813,2,2016,8,4,2,376510,18795,20873,21611,18599,16604,20497,22929,23117,22571,25083,28618,28803,24171,21061,23042,16980,11784,11332,21084,172345000
East Cheshire NHS Trust,4332,0.777700831,3,2016,9,5,1,376510,18795,20873,21611,18599,16604,20497,22929,23117,22571,25083,28618,28803,24171,21061,23042,16980,11784,11332,21084,172345000
East Cheshire NHS Trust,3887,0.830460509,4,2016,11,7,3,376510,18795,20873,21611,18599,16604,20497,22929,23117,22571,25083,28618,28803,24171,21061,23042,16980,11784,11332,21084,172345000
East Cheshire NHS Trust,4252,0.820319849,5,2016,16,11,6,376510,18795,20873,21611,18599,16604,20497,22929,23117,22571,25083,28618,28803,24171,21061,23042,16980,11784,11332,21084,172345000
East Cheshire NHS Trust,3982,0.870165746,6,2016,18,14,10,376510,18795,20873,21611,18599,16604,20497,22929,23117,22571,25083,28618,28803,24171,21061,23042,16980,11784,11332,21084,172345000
East Cheshire NHS Trust,4298,0.777338297,7,2016,19,15,11,376510,18795,20873,21611,18599,16604,20497,22929,23117,22571,25083,28618,28803,24171,21061,23042,16980,11784,11332,21084,172345000
East Cheshire NHS Trust,4081,0.81671159,8,2016,20,16,12,376510,18795,20873,21611,18599,16604,20497,22929,23117,22571,25083,28618,28803,24171,21061,23042,16980,11784,11332,21084,172345000
East Cheshire NHS Trust,4140,0.835748792,9,2016,19,15,11,376510,18795,20873,21611,18599,16604,20497,22929,23117,22571,25083,28618,28803,24171,21061,23042,16980,11784,11332,21084,172345000
East Cheshire NHS Trust,4234,0.809872461,10,2016,14,10,7,376510,18795,20873,21611,18599,16604,20497,22929,23117,22571,25083,28618,28803,24171,21061,23042,16980,11784,11332,21084,172345000
East Cheshire NHS Trust,3976,0.808098592,11,2016,8,5,2,376510,18795,20873,21611,18599,16604,20497,22929,23117,22571,25083,28618,28803,24171,21061,23042,16980,11784,11332,21084,172345000
East Cheshire NHS Trust,4153,0.787141825,12,2016,8,6,3,376510,18795,20873,21611,18599,16604,20497,22929,23117,22571,25083,28618,28803,24171,21061,23042,16980,11784,11332,21084,172345000
East Cheshire NHS Trust,3822,0.698325484,1,2017,7,4,2,378077,18873,20960,21701,18677,16673,20582,23024,23213,22665,25187,28737,28922,24272,21149,23138,17051,11833,11380,21172,165589000
East Cheshire NHS Trust,3436,0.774447031,2,2017,8,6,3,378077,18873,20960,21701,18677,16673,20582,23024,23213,22665,25187,28737,28922,24272,21149,23138,17051,11833,11380,21172,165589000
East Cheshire NHS Trust,3998,0.823911956,3,2017,11,8,4,378077,18873,20960,21701,18677,16673,20582,23024,23213,22665,25187,28737,28922,24272,21149,23138,17051,11833,11380,21172,165589000
East Cheshire NHS Trust,3937,0.762763526,4,2017,12,8,4,378077,18873,20960,21701,18677,16673,20582,23024,23213,22665,25187,28737,28922,24272,21149,23138,17051,11833,11380,21172,165589000
East Cheshire NHS Trust,4238,0.854412459,5,2017,17,12,7,378077,18873,20960,21701,18677,16673,20582,23024,23213,22665,25187,28737,28922,24272,21149,23138,17051,11833,11380,21172,165589000
East Cheshire NHS Trust,4054,0.875185002,6,2017,18,15,11,378077,18873,20960,21701,18677,16673,20582,23024,23213,22665,25187,28737,28922,24272,21149,23138,17051,11833,11380,21172,165589000
East Cheshire NHS Trust,4291,0.908412957,7,2017,20,16,12,378077,18873,20960,21701,18677,16673,20582,23024,23213,22665,25187,28737,28922,24272,21149,23138,17051,11833,11380,21172,165589000
East Cheshire NHS Trust,4063,0.847895644,8,2017,19,15,12,378077,18873,20960,21701,18677,16673,20582,23024,23213,22665,25187,28737,28922,24272,21149,23138,17051,11833,11380,21172,165589000
East Cheshire NHS Trust,4059,0.834934713,9,2017,16,13,10,378077,18873,20960,21701,18677,16673,20582,23024,23213,22665,25187,28737,28922,24272,21149,23138,17051,11833,11380,21172,165589000
East Cheshire NHS Trust,4173,0.893122454,10,2017,15,12,9,378077,18873,20960,21701,18677,16673,20582,23024,23213,22665,25187,28737,28922,24272,21149,23138,17051,11833,11380,21172,165589000
East Cheshire NHS Trust,4120,0.815291262,11,2017,10,7,5,378077,18873,20960,21701,18677,16673,20582,23024,23213,22665,25187,28737,28922,24272,21149,23138,17051,11833,11380,21172,165589000
East Cheshire NHS Trust,4238,0.714959887,12,2017,7,5,3,378077,18873,20960,21701,18677,16673,20582,23024,23213,22665,25187,28737,28922,24272,21149,23138,17051,11833,11380,21172,165589000
East Cheshire NHS Trust,3818,0.711105291,1,2018,7,5,2,379276,18933,21027,21770,18736,16726,20647,23097,23287,22737,25267,28828,29014,24349,21216,23211,17105,11871,11416,21239,152526000
East Cheshire NHS Trust,3630,0.691735537,2,2018,6,3,0,379276,18933,21027,21770,18736,16726,20647,23097,23287,22737,25267,28828,29014,24349,21216,23211,17105,11871,11416,21239,152526000
East Cheshire NHS Trust,4024,0.711729622,3,2018,8,4,1,379276,18933,21027,21770,18736,16726,20647,23097,23287,22737,25267,28828,29014,24349,21216,23211,17105,11871,11416,21239,152526000
East Cheshire NHS Trust,3820,0.86696562,4,2018,12,9,6,379276,18933,21027,21770,18736,16726,20647,23097,23287,22737,25267,28828,29014,24349,21216,23211,17105,11871,11416,21239,152526000
East Cheshire NHS Trust,4249,0.871335869,5,2018,18,13,8,379276,18933,21027,21770,18736,16726,20647,23097,23287,22737,25267,28828,29014,24349,21216,23211,17105,11871,11416,21239,152526000
East Cheshire NHS Trust,3983,0.957733176,6,2018,21,16,11,379276,18933,21027,21770,18736,16726,20647,23097,23287,22737,25267,28828,29014,24349,21216,23211,17105,11871,11416,21239,152526000
East Cheshire NHS Trust,4254,0.879333333,7,2018,23,18,13,379276,18933,21027,21770,18736,16726,20647,23097,23287,22737,25267,28828,29014,24349,21216,23211,17105,11871,11416,21239,152526000
East Cheshire NHS Trust,3851,0.810996564,8,2018,20,16,12,379276,18933,21027,21770,18736,16726,20647,23097,23287,22737,25267,28828,29014,24349,21216,23211,17105,11871,11416,21239,152526000
East Cheshire NHS Trust,3924,0.817120623,9,2018,17,13,10,379276,18933,21027,21770,18736,16726,20647,23097,23287,22737,25267,28828,29014,24349,21216,23211,17105,11871,11416,21239,152526000
East Cheshire NHS Trust,4080,0.769230769,10,2018,14,10,7,379276,18933,21027,21770,18736,16726,20647,23097,23287,22737,25267,28828,29014,24349,21216,23211,17105,11871,11416,21239,152526000
East Cheshire NHS Trust,3787,0.846330275,11,2018,10,8,5,379276,18933,21027,21770,18736,16726,20647,23097,23287,22737,25267,28828,29014,24349,21216,23211,17105,11871,11416,21239,152526000
East Cheshire NHS Trust,3838,0.744794312,12,2018,9,7,5,379276,18933,21027,21770,18736,16726,20647,23097,23287,22737,25267,28828,29014,24349,21216,23211,17105,11871,11416,21239,152526000
East Cheshire NHS Trust,3884,0.765725607,1,2019,6,4,1,380694,19004,21105,21851,18806,16788,20724,23184,23374,22822,25361,28936,29123,24440,21296,23298,17169,11915,11458,21318,160269000
East Cheshire NHS Trust,3679,0.773887865,2,2019,10,7,4,380694,19004,21105,21851,18806,16788,20724,23184,23374,22822,25361,28936,29123,24440,21296,23298,17169,11915,11458,21318,160269000
East Cheshire NHS Trust,4099,0.782888465,3,2019,11,7,4,380694,19004,21105,21851,18806,16788,20724,23184,23374,22822,25361,28936,29123,24440,21296,23298,17169,11915,11458,21318,160269000
East Cheshire NHS Trust,4102,0.712938958,4,2019,13,9,4,380694,19004,21105,21851,18806,16788,20724,23184,23374,22822,25361,28936,29123,24440,21296,23298,17169,11915,11458,21318,160269000
East Cheshire NHS Trust,4279,0.725627686,5,2019,15,11,7,380694,19004,21105,21851,18806,16788,20724,23184,23374,22822,25361,28936,29123,24440,21296,23298,17169,11915,11458,21318,160269000
East Cheshire NHS Trust,4065,0.800330422,6,2019,17,14,10,380694,19004,21105,21851,18806,16788,20724,23184,23374,22822,25361,28936,29123,24440,21296,23298,17169,11915,11458,21318,160269000
East Cheshire NHS Trust,4329,0.751099384,7,2019,20,17,13,380694,19004,21105,21851,18806,16788,20724,23184,23374,22822,25361,28936,29123,24440,21296,23298,17169,11915,11458,21318,160269000
East Cheshire NHS Trust,4259,0.808259587,8,2019,20,16,13,380694,19004,21105,21851,18806,16788,20724,23184,23374,22822,25361,28936,29123,24440,21296,23298,17169,11915,11458,21318,160269000
East Cheshire NHS Trust,4236,0.800360523,9,2019,17,14,10,380694,19004,21105,21851,18806,16788,20724,23184,23374,22822,25361,28936,29123,24440,21296,23298,17169,11915,11458,21318,160269000
East Cheshire NHS Trust,4206,0.793220339,10,2019,12,9,7,380694,19004,21105,21851,18806,16788,20724,23184,23374,22822,25361,28936,29123,24440,21296,23298,17169,11915,11458,21318,160269000
East Cheshire NHS Trust,4032,0.751391915,11,2019,8,6,4,380694,19004,21105,21851,18806,16788,20724,23184,23374,22822,25361,28936,29123,24440,21296,23298,17169,11915,11458,21318,160269000
East Cheshire NHS Trust,4242,0.703893682,12,2019,8,6,4,380694,19004,21105,21851,18806,16788,20724,23184,23374,22822,25361,28936,29123,24440,21296,23298,17169,11915,11458,21318,160269000
East Cheshire NHS Trust,4134,0.693275278,1,2020,8,6,3,384655,19201,21325,22079,19001,16963,20940,23425,23617,23060,25625,29237,29426,24694,21517,23540,17347,12039,11578,21540,176706000
East Cheshire NHS Trust,3746,0.737319808,2,2020,8,5,2,384655,19201,21325,22079,19001,16963,20940,23425,23617,23060,25625,29237,29426,24694,21517,23540,17347,12039,11578,21540,176706000
East Cheshire NHS Trust,3088,0.79857513,3,2020,9,6,2,384655,19201,21325,22079,19001,16963,20940,23425,23617,23060,25625,29237,29426,24694,21517,23540,17347,12039,11578,21540,176706000
East Cheshire NHS Trust,2252,0.902309059,4,2020,14,9,5,384655,19201,21325,22079,19001,16963,20940,23425,23617,23060,25625,29237,29426,24694,21517,23540,17347,12039,11578,21540,176706000
East Cheshire NHS Trust,3146,0.897965671,5,2020,16,12,7,384655,19201,21325,22079,19001,16963,20940,23425,23617,23060,25625,29237,29426,24694,21517,23540,17347,12039,11578,21540,176706000
East Cheshire NHS Trust,3244,0.895191122,6,2020,18,15,10,384655,19201,21325,22079,19001,16963,20940,23425,23617,23060,25625,29237,29426,24694,21517,23540,17347,12039,11578,21540,176706000
East Cheshire NHS Trust,3611,0.900304625,7,2020,18,15,11,384655,19201,21325,22079,19001,16963,20940,23425,23617,23060,25625,29237,29426,24694,21517,23540,17347,12039,11578,21540,176706000
East Cheshire NHS Trust,3716,0.915231432,8,2020,20,17,13,384655,19201,21325,22079,19001,16963,20940,23425,23617,23060,25625,29237,29426,24694,21517,23540,17347,12039,11578,21540,176706000
East Cheshire NHS Trust,3734,0.81092662,9,2020,17,13,9,384655,19201,21325,22079,19001,16963,20940,23425,23617,23060,25625,29237,29426,24694,21517,23540,17347,12039,11578,21540,176706000
East Cheshire NHS Trust,3474,0.833045481,10,2020,12,10,7,384655,19201,21325,22079,19001,16963,20940,23425,23617,23060,25625,29237,29426,24694,21517,23540,17347,12039,11578,21540,176706000
East Cheshire NHS Trust,3275,0.773740458,11,2020,11,8,6,384655,19201,21325,22079,19001,16963,20940,23425,23617,23060,25625,29237,29426,24694,21517,23540,17347,12039,11578,21540,176706000
East Cheshire NHS Trust,3432,0.709498834,12,2020,7,5,3,384655,19201,21325,22079,19001,16963,20940,23425,23617,23060,25625,29237,29426,24694,21517,23540,17347,12039,11578,21540,176706000
East Cheshire NHS Trust,2907,0.713450292,1,2021,5,3,0,388616,19399,21544,22306,19197,17137,21156,23666,23861,23297,25889,29538,29729,24949,21739,23783,17526,12163,11697,21762,193589000
East Cheshire NHS Trust,2785,0.712746858,2,2021,7,4,2,388616,19399,21544,22306,19197,17137,21156,23666,23861,23297,25889,29538,29729,24949,21739,23783,17526,12163,11697,21762,193589000
East Cheshire NHS Trust,3698,0.789403265,3,2021,10,7,3,388616,19399,21544,22306,19197,17137,21156,23666,23861,23297,25889,29538,29729,24949,21739,23783,17526,12163,11697,21762,193589000
East Cheshire NHS Trust,4009,0.679012346,4,2021,11,6,1,388616,19399,21544,22306,19197,17137,21156,23666,23861,23297,25889,29538,29729,24949,21739,23783,17526,12163,11697,21762,193589000
East Cheshire NHS Trust,4286,0.693919853,5,2021,13,9,5,388616,19399,21544,22306,19197,17137,21156,23666,23861,23297,25889,29538,29729,24949,21739,23783,17526,12163,11697,21762,193589000
East Cheshire NHS Trust,4480,0.670431894,6,2021,19,15,10,388616,19399,21544,22306,19197,17137,21156,23666,23861,23297,25889,29538,29729,24949,21739,23783,17526,12163,11697,21762,193589000
East Cheshire NHS Trust,4656,0.603025783,7,2021,21,17,13,388616,19399,21544,22306,19197,17137,21156,23666,23861,23297,25889,29538,29729,24949,21739,23783,17526,12163,11697,21762,193589000
East Cheshire NHS Trust,4281,0.592669914,8,2021,20,16,12,388616,19399,21544,22306,19197,17137,21156,23666,23861,23297,25889,29538,29729,24949,21739,23783,17526,12163,11697,21762,193589000
East Cheshire NHS Trust,4434,0.566584325,9,2021,20,15,11,388616,19399,21544,22306,19197,17137,21156,23666,23861,23297,25889,29538,29729,24949,21739,23783,17526,12163,11697,21762,193589000
East Cheshire NHS Trust,4374,0.628435158,10,2021,15,12,9,388616,19399,21544,22306,19197,17137,21156,23666,23861,23297,25889,29538,29729,24949,21739,23783,17526,12163,11697,21762,193589000
East Cheshire NHS Trust,4015,0.617690783,11,2021,10,7,5,388616,19399,21544,22306,19197,17137,21156,23666,23861,23297,25889,29538,29729,24949,21739,23783,17526,12163,11697,21762,193589000
East Cheshire NHS Trust,3835,0.613807423,12,2021,8,6,4,388616,19399,21544,22306,19197,17137,21156,23666,23861,23297,25889,29538,29729,24949,21739,23783,17526,12163,11697,21762,193589000
East Cheshire NHS Trust,3811,0.640302793,1,2022,8,5,2,392577,19597,21764,22533,19393,17312,21371,23907,24104,23534,26153,29839,30032,25203,21960,24025,17705,12287,11816,21984,199224000
East Cheshire NHS Trust,3818,0.579385737,2,2022,9,6,3,392577,19597,21764,22533,19393,17312,21371,23907,24104,23534,26153,29839,30032,25203,21960,24025,17705,12287,11816,21984,199224000
East Cheshire NHS Trust,4679,0.552156363,3,2022,11,7,3,392577,19597,21764,22533,19393,17312,21371,23907,24104,23534,26153,29839,30032,25203,21960,24025,17705,12287,11816,21984,199224000
East Cheshire NHS Trust,4092,0.558359621,4,2022,13,8,4,392577,19597,21764,22533,19393,17312,21371,23907,24104,23534,26153,29839,30032,25203,21960,24025,17705,12287,11816,21984,199224000
East Cheshire NHS Trust,4449,0.548272018,5,2022,16,12,8,392577,19597,21764,22533,19393,17312,21371,23907,24104,23534,26153,29839,30032,25203,21960,24025,17705,12287,11816,21984,199224000
East Cheshire NHS Trust,4330,0.570674621,6,2022,19,14,10,392577,19597,21764,22533,19393,17312,21371,23907,24104,23534,26153,29839,30032,25203,21960,24025,17705,12287,11816,21984,199224000
East Cheshire NHS Trust,4441,0.542460229,7,2022,22,17,13,392577,19597,21764,22533,19393,17312,21371,23907,24104,23534,26153,29839,30032,25203,21960,24025,17705,12287,11816,21984,199224000
East Cheshire NHS Trust,4187,0.563554288,8,2022,24,18,13,392577,19597,21764,22533,19393,17312,21371,23907,24104,23534,26153,29839,30032,25203,21960,24025,17705,12287,11816,21984,199224000
East Cheshire NHS Trust,4043,0.498158605,9,2022,18,14,10,392577,19597,21764,22533,19393,17312,21371,23907,24104,23534,26153,29839,30032,25203,21960,24025,17705,12287,11816,21984,199224000
East Cheshire NHS Trust,4362,0.495096921,10,2022,16,12,9,392577,19597,21764,22533,19393,17312,21371,23907,24104,23534,26153,29839,30032,25203,21960,24025,17705,12287,11816,21984,199224000
East Cheshire NHS Trust,4223,0.5261916,11,2022,11,9,6,392577,19597,21764,22533,19393,17312,21371,23907,24104,23534,26153,29839,30032,25203,21960,24025,17705,12287,11816,21984,199224000
East Cheshire NHS Trust,4366,0.469821674,12,2022,6,4,2,392577,19597,21764,22533,19393,17312,21371,23907,24104,23534,26153,29839,30032,25203,21960,24025,17705,12287,11816,21984,199224000
East Cheshire NHS Trust,3764,0.564976228,1,2023,8,5,2,396538,19795,21984,22761,19588,17487,21587,24149,24347,23772,26417,30140,30335,25457,22182,24268,17883,12411,11935,22206,204317000
East Cheshire NHS Trust,3590,0.572299169,2,2023,10,6,3,396538,19795,21984,22761,19588,17487,21587,24149,24347,23772,26417,30140,30335,25457,22182,24268,17883,12411,11935,22206,204317000
East Cheshire NHS Trust,4134,0.544337349,3,2023,9,6,3,396538,19795,21984,22761,19588,17487,21587,24149,24347,23772,26417,30140,30335,25457,22182,24268,17883,12411,11935,22206,204317000
East Cheshire NHS Trust,3926,0.576180802,4,2023,12,8,4,396538,19795,21984,22761,19588,17487,21587,24149,24347,23772,26417,30140,30335,25457,22182,24268,17883,12411,11935,22206,204317000
East Cheshire NHS Trust,4200,0.552295315,5,2023,17,12,7,396538,19795,21984,22761,19588,17487,21587,24149,24347,23772,26417,30140,30335,25457,22182,24268,17883,12411,11935,22206,204317000
East Cheshire NHS Trust,4399,0.562288804,6,2023,22,16,11,396538,19795,21984,22761,19588,17487,21587,24149,24347,23772,26417,30140,30335,25457,22182,24268,17883,12411,11935,22206,204317000
East Cheshire NHS Trust,4379,0.644691975,7,2023,19,15,11,396538,19795,21984,22761,19588,17487,21587,24149,24347,23772,26417,30140,30335,25457,22182,24268,17883,12411,11935,22206,204317000
East Cheshire NHS Trust,4218,0.624205321,8,2023,19,15,11,396538,19795,21984,22761,19588,17487,21587,24149,24347,23772,26417,30140,30335,25457,22182,24268,17883,12411,11935,22206,204317000
East Cheshire NHS Trust,4346,0.543334096,9,2023,20,16,12,396538,19795,21984,22761,19588,17487,21587,24149,24347,23772,26417,30140,30335,25457,22182,24268,17883,12411,11935,22206,204317000
East Cheshire NHS Trust,4511,0.535360212,10,2023,14,11,9,396538,19795,21984,22761,19588,17487,21587,24149,24347,23772,26417,30140,30335,25457,22182,24268,17883,12411,11935,22206,204317000
East Cheshire NHS Trust,4217,0.527462121,11,2023,9,7,5,396538,19795,21984,22761,19588,17487,21587,24149,24347,23772,26417,30140,30335,25457,22182,24268,17883,12411,11935,22206,204317000
East Cheshire NHS Trust,4303,0.495841035,12,2023,9,7,5,396538,19795,21984,22761,19588,17487,21587,24149,24347,23772,26417,30140,30335,25457,22182,24268,17883,12411,11935,22206,204317000
East Cheshire NHS Trust,4295,0.506899724,1,2024,7,4,2,400500,19992,22203,22988,19784,17662,21803,24390,24590,24009,26681,30442,30638,25712,22403,24510,18062,12535,12055,22428,209410000
East Cheshire NHS Trust,4128,0.491819057,2,2024,10,7,4,400500,19992,22203,22988,19784,17662,21803,24390,24590,24009,26681,30442,30638,25712,22403,24510,18062,12535,12055,22428,209410000
East Cheshire NHS Trust,4538,0.535408902,3,2024,10,7,4,400500,19992,22203,22988,19784,17662,21803,24390,24590,24009,26681,30442,30638,25712,22403,24510,18062,12535,12055,22428,209410000
East Cheshire NHS Trust,4294,0.529520295,4,2024,12,8,5,400500,19992,22203,22988,19784,17662,21803,24390,24590,24009,26681,30442,30638,25712,22403,24510,18062,12535,12055,22428,209410000
East Cheshire NHS Trust,4795,0.505571605,5,2024,16,13,9,400500,19992,22203,22988,19784,17662,21803,24390,24590,24009,26681,30442,30638,25712,22403,24510,18062,12535,12055,22428,209410000
