Name,Type 1 Departments - Major A&E,Percentage in 4 hours or less (all),Month,Year,Max temp,Avrg temp,Min temp,Population,Age 0 to 4,Age 5 to 9,Age 10 to 14,Age 15 to 19,Age 20 to 24,Age 25 to 29,Age 30 to 34,Age 35 to 39,Age 40 to 44,Age 45 to 49,Age 50 to 54,Age 55 to 59,Age 60 to 64,Age 65 to 69,Age 70 to 74,Age 75 to 79,Age 80 to 84,Age 85+,BAME,Budget
Wye Valley NHS Trust,4204,0.97853014,4,2011,16,11,6,183216,8226,9307,9899,8904,8024,9398,10278,10095,9600,10974,13319,14309,13319,12253,12733,9490,6559,6370,5679,176000000
Wye Valley NHS Trust,3952,0.930755396,5,2011,15,11,7,183216,8226,9307,9899,8904,8024,9398,10278,10095,9600,10974,13319,14309,13319,12253,12733,9490,6559,6370,5679,176000000
Wye Valley NHS Trust,3816,0.957603687,6,2011,17,13,8,183216,8226,9307,9899,8904,8024,9398,10278,10095,9600,10974,13319,14309,13319,12253,12733,9490,6559,6370,5679,176000000
Wye Valley NHS Trust,3952,0.965394854,7,2011,19,15,10,183216,8226,9307,9899,8904,8024,9398,10278,10095,9600,10974,13319,14309,13319,12253,12733,9490,6559,6370,5679,176000000
Wye Valley NHS Trust,3500,0.982948847,8,2011,18,14,11,183216,8226,9307,9899,8904,8024,9398,10278,10095,9600,10974,13319,14309,13319,12253,12733,9490,6559,6370,5679,176000000
Wye Valley NHS Trust,3604,0.983590734,9,2011,18,14,10,183216,8226,9307,9899,8904,8024,9398,10278,10095,9600,10974,13319,14309,13319,12253,12733,9490,6559,6370,5679,176000000
Wye Valley NHS Trust,3392,0.939194789,10,2011,15,12,9,183216,8226,9307,9899,8904,8024,9398,10278,10095,9600,10974,13319,14309,13319,12253,12733,9490,6559,6370,5679,176000000
Wye Valley NHS Trust,3464,0.925773196,11,2011,11,9,6,183216,8226,9307,9899,8904,8024,9398,10278,10095,9600,10974,13319,14309,13319,12253,12733,9490,6559,6370,5679,176000000
Wye Valley NHS Trust,2952,0.933574879,12,2011,3,8,6,183216,8226,9307,9899,8904,8024,9398,10278,10095,9600,10974,13319,14309,13319,12253,12733,9490,6559,6370,5679,176000000
Wye Valley NHS Trust,3560,0.916411825,1,2012,8,5,2,184410,8280,9368,9963,8962,8077,9460,10345,10160,9663,11046,13406,14402,13406,12333,12816,9552,6601,6411,5716,177893000
Wye Valley NHS Trust,3664,0.949185043,2,2012,7,3,0,184410,8280,9368,9963,8962,8077,9460,10345,10160,9663,11046,13406,14402,13406,12333,12816,9552,6601,6411,5716,177893000
Wye Valley NHS Trust,3872,0.939194789,3,2012,12,7,3,184410,8280,9368,9963,8962,8077,9460,10345,10160,9663,11046,13406,14402,13406,12333,12816,9552,6601,6411,5716,177893000
Wye Valley NHS Trust,3408,0.938155136,4,2012,10,6,2,184410,8280,9368,9963,8962,8077,9460,10345,10160,9663,11046,13406,14402,13406,12333,12816,9552,6601,6411,5716,177893000
Wye Valley NHS Trust,4040,0.963363863,5,2012,15,11,6,184410,8280,9368,9963,8962,8077,9460,10345,10160,9663,11046,13406,14402,13406,12333,12816,9552,6601,6411,5716,177893000
Wye Valley NHS Trust,3896,0.91040724,6,2012,16,13,9,184410,8280,9368,9963,8962,8077,9460,10345,10160,9663,11046,13406,14402,13406,12333,12816,9552,6601,6411,5716,177893000
Wye Valley NHS Trust,4032,0.980322004,7,2012,18,14,10,184410,8280,9368,9963,8962,8077,9460,10345,10160,9663,11046,13406,14402,13406,12333,12816,9552,6601,6411,5716,177893000
Wye Valley NHS Trust,3596,0.97151277,8,2012,19,15,12,184410,8280,9368,9963,8962,8077,9460,10345,10160,9663,11046,13406,14402,13406,12333,12816,9552,6601,6411,5716,177893000
Wye Valley NHS Trust,3616,0.926686217,9,2012,16,12,8,184410,8280,9368,9963,8962,8077,9460,10345,10160,9663,11046,13406,14402,13406,12333,12816,9552,6601,6411,5716,177893000
Wye Valley NHS Trust,3464,0.979257642,10,2012,12,9,6,184410,8280,9368,9963,8962,8077,9460,10345,10160,9663,11046,13406,14402,13406,12333,12816,9552,6601,6411,5716,177893000
Wye Valley NHS Trust,3404,0.974221267,11,2012,9,6,3,184410,8280,9368,9963,8962,8077,9460,10345,10160,9663,11046,13406,14402,13406,12333,12816,9552,6601,6411,5716,177893000
Wye Valley NHS Trust,3472,0.936241611,12,2012,7,4,2,184410,8280,9368,9963,8962,8077,9460,10345,10160,9663,11046,13406,14402,13406,12333,12816,9552,6601,6411,5716,177893000
Wye Valley NHS Trust,3388,0.919821826,1,2013,5,3,1,185803,8342,9438,10038,9030,8138,9531,10423,10237,9736,11129,13507,14511,13507,12426,12913,9624,6651,6460,5759,179786000
Wye Valley NHS Trust,3532,0.779787234,2,2013,6,2,-1,185803,8342,9438,10038,9030,8138,9531,10423,10237,9736,11129,13507,14511,13507,12426,12913,9624,6651,6460,5759,179786000
Wye Valley NHS Trust,3816,0.799798793,3,2013,6,2,-2,185803,8342,9438,10038,9030,8138,9531,10423,10237,9736,11129,13507,14511,13507,12426,12913,9624,6651,6460,5759,179786000
Wye Valley NHS Trust,3816,0.960194175,4,2013,11,6,2,185803,8342,9438,10038,9030,8138,9531,10423,10237,9736,11129,13507,14511,13507,12426,12913,9624,6651,6460,5759,179786000
Wye Valley NHS Trust,3860,0.92248062,5,2013,14,9,4,185803,8342,9438,10038,9030,8138,9531,10423,10237,9736,11129,13507,14511,13507,12426,12913,9624,6651,6460,5759,179786000
Wye Valley NHS Trust,3924,0.964782206,6,2013,18,13,8,185803,8342,9438,10038,9030,8138,9531,10423,10237,9736,11129,13507,14511,13507,12426,12913,9624,6651,6460,5759,179786000
Wye Valley NHS Trust,3988,0.893539581,7,2013,24,18,12,185803,8342,9438,10038,9030,8138,9531,10423,10237,9736,11129,13507,14511,13507,12426,12913,9624,6651,6460,5759,179786000
Wye Valley NHS Trust,3784,0.923523717,8,2013,21,16,11,185803,8342,9438,10038,9030,8138,9531,10423,10237,9736,11129,13507,14511,13507,12426,12913,9624,6651,6460,5759,179786000
Wye Valley NHS Trust,4008,0.879484821,9,2013,18,13,9,185803,8342,9438,10038,9030,8138,9531,10423,10237,9736,11129,13507,14511,13507,12426,12913,9624,6651,6460,5759,179786000
Wye Valley NHS Trust,3668,0.925888325,10,2013,15,12,9,185803,8342,9438,10038,9030,8138,9531,10423,10237,9736,11129,13507,14511,13507,12426,12913,9624,6651,6460,5759,179786000
Wye Valley NHS Trust,3764,0.929911155,11,2013,9,6,3,185803,8342,9438,10038,9030,8138,9531,10423,10237,9736,11129,13507,14511,13507,12426,12913,9624,6651,6460,5759,179786000
Wye Valley NHS Trust,3584,0.870967742,12,2013,8,6,3,185803,8342,9438,10038,9030,8138,9531,10423,10237,9736,11129,13507,14511,13507,12426,12913,9624,6651,6460,5759,179786000
Wye Valley NHS Trust,3600,0.947777778,1,2014,8,5,3,187087,8400,9504,10108,9092,8194,9597,10495,10308,9803,11206,13601,14611,13601,12512,13002,9691,6697,6505,5799,181679000
Wye Valley NHS Trust,3892,0.880654475,2,2014,8,5,3,187087,8400,9504,10108,9092,8194,9597,10495,10308,9803,11206,13601,14611,13601,12512,13002,9691,6697,6505,5799,181679000
Wye Valley NHS Trust,3976,0.969782814,3,2014,11,7,2,187087,8400,9504,10108,9092,8194,9597,10495,10308,9803,11206,13601,14611,13601,12512,13002,9691,6697,6505,5799,181679000
Wye Valley NHS Trust,3864,0.85152409,4,2014,13,9,4,187087,8400,9504,10108,9092,8194,9597,10495,10308,9803,11206,13601,14611,13601,12512,13002,9691,6697,6505,5799,181679000
Wye Valley NHS Trust,4160,0.768269231,5,2014,16,11,7,187087,8400,9504,10108,9092,8194,9597,10495,10308,9803,11206,13601,14611,13601,12512,13002,9691,6697,6505,5799,181679000
Wye Valley NHS Trust,4364,0.853411963,6,2014,19,15,10,187087,8400,9504,10108,9092,8194,9597,10495,10308,9803,11206,13601,14611,13601,12512,13002,9691,6697,6505,5799,181679000
Wye Valley NHS Trust,3976,0.871177016,7,2014,22,17,11,187087,8400,9504,10108,9092,8194,9597,10495,10308,9803,11206,13601,14611,13601,12512,13002,9691,6697,6505,5799,181679000
Wye Valley NHS Trust,4068,0.800371402,8,2014,19,14,10,187087,8400,9504,10108,9092,8194,9597,10495,10308,9803,11206,13601,14611,13601,12512,13002,9691,6697,6505,5799,181679000
Wye Valley NHS Trust,3996,0.939814815,9,2014,19,14,10,187087,8400,9504,10108,9092,8194,9597,10495,10308,9803,11206,13601,14611,13601,12512,13002,9691,6697,6505,5799,181679000
Wye Valley NHS Trust,3756,0.938174681,10,2014,15,12,9,187087,8400,9504,10108,9092,8194,9597,10495,10308,9803,11206,13601,14611,13601,12512,13002,9691,6697,6505,5799,181679000
Wye Valley NHS Trust,3836,0.852272727,11,2014,10,8,5,187087,8400,9504,10108,9092,8194,9597,10495,10308,9803,11206,13601,14611,13601,12512,13002,9691,6697,6505,5799,181679000
Wye Valley NHS Trust,3984,0.749757517,12,2014,8,5,2,187087,8400,9504,10108,9092,8194,9597,10495,10308,9803,11206,13601,14611,13601,12512,13002,9691,6697,6505,5799,181679000
Wye Valley NHS Trust,3520,0.926751592,1,2015,8,4,2,188142,8447,9557,10165,9143,8240,9651,10554,10366,9858,11269,13677,14693,13677,12582,13075,9745,6735,6541,5832,183572000
Wye Valley NHS Trust,3428,0.82526178,2,2015,7,4,1,188142,8447,9557,10165,9143,8240,9651,10554,10366,9858,11269,13677,14693,13677,12582,13075,9745,6735,6541,5832,183572000
Wye Valley NHS Trust,3660,0.944584383,3,2015,10,6,2,188142,8447,9557,10165,9143,8240,9651,10554,10366,9858,11269,13677,14693,13677,12582,13075,9745,6735,6541,5832,183572000
Wye Valley NHS Trust,4527,0.907547898,6,2015,18,14,8,188142,8447,9557,10165,9143,8240,9651,10554,10366,9858,11269,13677,14693,13677,12582,13075,9745,6735,6541,5832,183572000
Wye Valley NHS Trust,4670,0.901853035,7,2015,19,15,10,188142,8447,9557,10165,9143,8240,9651,10554,10366,9858,11269,13677,14693,13677,12582,13075,9745,6735,6541,5832,183572000
Wye Valley NHS Trust,4655,0.892087277,8,2015,19,15,11,188142,8447,9557,10165,9143,8240,9651,10554,10366,9858,11269,13677,14693,13677,12582,13075,9745,6735,6541,5832,183572000
Wye Valley NHS Trust,4588,0.871158392,9,2015,16,12,8,188142,8447,9557,10165,9143,8240,9651,10554,10366,9858,11269,13677,14693,13677,12582,13075,9745,6735,6541,5832,183572000
Wye Valley NHS Trust,4480,0.882299151,10,2015,14,10,7,188142,8447,9557,10165,9143,8240,9651,10554,10366,9858,11269,13677,14693,13677,12582,13075,9745,6735,6541,5832,183572000
Wye Valley NHS Trust,4447,0.89012987,11,2015,12,10,7,188142,8447,9557,10165,9143,8240,9651,10554,10366,9858,11269,13677,14693,13677,12582,13075,9745,6735,6541,5832,183572000
Wye Valley NHS Trust,4293,0.898644202,12,2015,11,9,7,188142,8447,9557,10165,9143,8240,9651,10554,10366,9858,11269,13677,14693,13677,12582,13075,9745,6735,6541,5832,183572000
Wye Valley NHS Trust,4393,0.878507112,1,2016,8,6,3,189039,8487,9603,10213,9187,8279,9697,10605,10416,9905,11323,13743,14763,13743,12642,13138,9792,6767,6572,5860,185465000
Wye Valley NHS Trust,4272,0.88469238,2,2016,8,5,2,189039,8487,9603,10213,9187,8279,9697,10605,10416,9905,11323,13743,14763,13743,12642,13138,9792,6767,6572,5860,185465000
Wye Valley NHS Trust,4820,0.843061866,3,2016,9,5,1,189039,8487,9603,10213,9187,8279,9697,10605,10416,9905,11323,13743,14763,13743,12642,13138,9792,6767,6572,5860,185465000
Wye Valley NHS Trust,4299,0.904316451,4,2016,11,7,2,189039,8487,9603,10213,9187,8279,9697,10605,10416,9905,11323,13743,14763,13743,12642,13138,9792,6767,6572,5860,185465000
Wye Valley NHS Trust,4957,0.902377106,5,2016,16,11,6,189039,8487,9603,10213,9187,8279,9697,10605,10416,9905,11323,13743,14763,13743,12642,13138,9792,6767,6572,5860,185465000
Wye Valley NHS Trust,4542,0.886194759,6,2016,18,14,10,189039,8487,9603,10213,9187,8279,9697,10605,10416,9905,11323,13743,14763,13743,12642,13138,9792,6767,6572,5860,185465000
Wye Valley NHS Trust,4891,0.889867295,7,2016,19,16,11,189039,8487,9603,10213,9187,8279,9697,10605,10416,9905,11323,13743,14763,13743,12642,13138,9792,6767,6572,5860,185465000
Wye Valley NHS Trust,4612,0.841469681,8,2016,20,16,12,189039,8487,9603,10213,9187,8279,9697,10605,10416,9905,11323,13743,14763,13743,12642,13138,9792,6767,6572,5860,185465000
Wye Valley NHS Trust,4570,0.853173522,9,2016,19,15,11,189039,8487,9603,10213,9187,8279,9697,10605,10416,9905,11323,13743,14763,13743,12642,13138,9792,6767,6572,5860,185465000
Wye Valley NHS Trust,4504,0.868747499,10,2016,14,10,7,189039,8487,9603,10213,9187,8279,9697,10605,10416,9905,11323,13743,14763,13743,12642,13138,9792,6767,6572,5860,185465000
Wye Valley NHS Trust,4398,0.863648834,11,2016,8,5,3,189039,8487,9603,10213,9187,8279,9697,10605,10416,9905,11323,13743,14763,13743,12642,13138,9792,6767,6572,5860,185465000
Wye Valley NHS Trust,4490,0.826441928,12,2016,8,6,3,189039,8487,9603,10213,9187,8279,9697,10605,10416,9905,11323,13743,14763,13743,12642,13138,9792,6767,6572,5860,185465000
Wye Valley NHS Trust,4195,0.853893866,1,2017,7,4,1,190298,8544,9667,10281,9248,8335,9762,10675,10485,9971,11398,13834,14862,13834,12727,13225,9857,6812,6616,5899,187358000
Wye Valley NHS Trust,3908,0.853920678,2,2017,8,6,3,190298,8544,9667,10281,9248,8335,9762,10675,10485,9971,11398,13834,14862,13834,12727,13225,9857,6812,6616,5899,187358000
Wye Valley NHS Trust,4618,0.880828341,3,2017,11,8,4,190298,8544,9667,10281,9248,8335,9762,10675,10485,9971,11398,13834,14862,13834,12727,13225,9857,6812,6616,5899,187358000
Wye Valley NHS Trust,4515,0.917871832,4,2017,12,8,3,190298,8544,9667,10281,9248,8335,9762,10675,10485,9971,11398,13834,14862,13834,12727,13225,9857,6812,6616,5899,187358000
Wye Valley NHS Trust,4747,0.886397608,5,2017,16,12,8,190298,8544,9667,10281,9248,8335,9762,10675,10485,9971,11398,13834,14862,13834,12727,13225,9857,6812,6616,5899,187358000
Wye Valley NHS Trust,4680,0.888218737,6,2017,19,15,11,190298,8544,9667,10281,9248,8335,9762,10675,10485,9971,11398,13834,14862,13834,12727,13225,9857,6812,6616,5899,187358000
Wye Valley NHS Trust,4894,0.84010431,7,2017,20,16,12,190298,8544,9667,10281,9248,8335,9762,10675,10485,9971,11398,13834,14862,13834,12727,13225,9857,6812,6616,5899,187358000
Wye Valley NHS Trust,4703,0.848875855,8,2017,19,15,11,190298,8544,9667,10281,9248,8335,9762,10675,10485,9971,11398,13834,14862,13834,12727,13225,9857,6812,6616,5899,187358000
Wye Valley NHS Trust,4596,0.8,9,2017,16,13,9,190298,8544,9667,10281,9248,8335,9762,10675,10485,9971,11398,13834,14862,13834,12727,13225,9857,6812,6616,5899,187358000
Wye Valley NHS Trust,4740,0.798530549,10,2017,15,12,9,190298,8544,9667,10281,9248,8335,9762,10675,10485,9971,11398,13834,14862,13834,12727,13225,9857,6812,6616,5899,187358000
Wye Valley NHS Trust,4421,0.823357664,11,2017,10,7,4,190298,8544,9667,10281,9248,8335,9762,10675,10485,9971,11398,13834,14862,13834,12727,13225,9857,6812,6616,5899,187358000
Wye Valley NHS Trust,4696,0.720187394,12,2017,8,5,2,190298,8544,9667,10281,9248,8335,9762,10675,10485,9971,11398,13834,14862,13834,12727,13225,9857,6812,6616,5899,187358000
Wye Valley NHS Trust,4532,0.721315093,1,2018,8,5,2,191274,8588,9716,10334,9295,8377,9812,10730,10539,10022,11457,13905,14938,13905,12792,13293,9907,6847,6650,5929,189251000
Wye Valley NHS Trust,4338,0.695432587,2,2018,6,2,-1,191274,8588,9716,10334,9295,8377,9812,10730,10539,10022,11457,13905,14938,13905,12792,13293,9907,6847,6650,5929,189251000
Wye Valley NHS Trust,4740,0.754220652,3,2018,7,4,0,191274,8588,9716,10334,9295,8377,9812,10730,10539,10022,11457,13905,14938,13905,12792,13293,9907,6847,6650,5929,189251000
Wye Valley NHS Trust,4802,0.800708038,4,2018,12,9,0,191274,8588,9716,10334,9295,8377,9812,10730,10539,10022,11457,13905,14938,13905,12792,13293,9907,6847,6650,5929,189251000
Wye Valley NHS Trust,5258,0.757512362,5,2018,17,12,7,191274,8588,9716,10334,9295,8377,9812,10730,10539,10022,11457,13905,14938,13905,12792,13293,9907,6847,6650,5929,189251000
Wye Valley NHS Trust,5061,0.747085556,6,2018,20,15,11,191274,8588,9716,10334,9295,8377,9812,10730,10539,10022,11457,13905,14938,13905,12792,13293,9907,6847,6650,5929,189251000
Wye Valley NHS Trust,5402,0.71547575,7,2018,23,18,13,191274,8588,9716,10334,9295,8377,9812,10730,10539,10022,11457,13905,14938,13905,12792,13293,9907,6847,6650,5929,189251000
Wye Valley NHS Trust,5004,0.755395683,8,2018,20,16,12,191274,8588,9716,10334,9295,8377,9812,10730,10539,10022,11457,13905,14938,13905,12792,13293,9907,6847,6650,5929,189251000
Wye Valley NHS Trust,4917,0.746796827,9,2018,17,13,9,191274,8588,9716,10334,9295,8377,9812,10730,10539,10022,11457,13905,14938,13905,12792,13293,9907,6847,6650,5929,189251000
Wye Valley NHS Trust,5153,0.727731419,10,2018,14,10,6,191274,8588,9716,10334,9295,8377,9812,10730,10539,10022,11457,13905,14938,13905,12792,13293,9907,6847,6650,5929,189251000
Wye Valley NHS Trust,4952,0.70779483,11,2018,10,8,5,191274,8588,9716,10334,9295,8377,9812,10730,10539,10022,11457,13905,14938,13905,12792,13293,9907,6847,6650,5929,189251000
Wye Valley NHS Trust,5074,0.721915648,12,2018,10,7,5,191274,8588,9716,10334,9295,8377,9812,10730,10539,10022,11457,13905,14938,13905,12792,13293,9907,6847,6650,5929,189251000
Wye Valley NHS Trust,4952,0.693053312,1,2019,6,4,1,192214,8630,9764,10385,9341,8418,9860,10783,10590,10072,11513,13973,15011,13973,12855,13358,9956,6881,6683,5958,191144000
Wye Valley NHS Trust,4661,0.753486376,2,2019,10,6,3,192214,8630,9764,10385,9341,8418,9860,10783,10590,10072,11513,13973,15011,13973,12855,13358,9956,6881,6683,5958,191144000
Wye Valley NHS Trust,5294,0.850585569,3,2019,11,7,4,192214,8630,9764,10385,9341,8418,9860,10783,10590,10072,11513,13973,15011,13973,12855,13358,9956,6881,6683,5958,191144000
Wye Valley NHS Trust,5373,0.787828029,4,2019,13,8,4,192214,8630,9764,10385,9341,8418,9860,10783,10590,10072,11513,13973,15011,13973,12855,13358,9956,6881,6683,5958,191144000
Wye Valley NHS Trust,5605,0.842105263,5,2019,15,10,6,192214,8630,9764,10385,9341,8418,9860,10783,10590,10072,11513,13973,15011,13973,12855,13358,9956,6881,6683,5958,191144000
Wye Valley NHS Trust,5526,0.77325371,6,2019,17,13,9,192214,8630,9764,10385,9341,8418,9860,10783,10590,10072,11513,13973,15011,13973,12855,13358,9956,6881,6683,5958,191144000
Wye Valley NHS Trust,5729,0.768720545,7,2019,21,17,12,192214,8630,9764,10385,9341,8418,9860,10783,10590,10072,11513,13973,15011,13973,12855,13358,9956,6881,6683,5958,191144000
Wye Valley NHS Trust,5432,0.800994109,8,2019,20,16,12,192214,8630,9764,10385,9341,8418,9860,10783,10590,10072,11513,13973,15011,13973,12855,13358,9956,6881,6683,5958,191144000
Wye Valley NHS Trust,5549,0.775455037,9,2019,17,14,12,192214,8630,9764,10385,9341,8418,9860,10783,10590,10072,11513,13973,15011,13973,12855,13358,9956,6881,6683,5958,191144000
Wye Valley NHS Trust,5594,0.703968538,10,2019,13,9,7,192214,8630,9764,10385,9341,8418,9860,10783,10590,10072,11513,13973,15011,13973,12855,13358,9956,6881,6683,5958,191144000
Wye Valley NHS Trust,5367,0.718464692,11,2019,8,6,4,192214,8630,9764,10385,9341,8418,9860,10783,10590,10072,11513,13973,15011,13973,12855,13358,9956,6881,6683,5958,191144000
Wye Valley NHS Trust,5568,0.672772989,12,2019,8,6,3,192214,8630,9764,10385,9341,8418,9860,10783,10590,10072,11513,13973,15011,13973,12855,13358,9956,6881,6683,5958,191144000
Wye Valley NHS Trust,5279,0.670960409,1,2020,8,6,3,191291,8588,9717,10335,9296,8378,9813,10731,10540,10023,11458,13906,14939,13906,12793,13294,9908,6848,6651,5930,193035000
Wye Valley NHS Trust,4892,0.730376124,2,2020,9,5,2,191291,8588,9717,10335,9296,8378,9813,10731,10540,10023,11458,13906,14939,13906,12793,13294,9908,6848,6651,5930,193035000
Wye Valley NHS Trust,4079,0.828389311,3,2020,9,5,1,191291,8588,9717,10335,9296,8378,9813,10731,10540,10023,11458,13906,14939,13906,12793,13294,9908,6848,6651,5930,193035000
Wye Valley NHS Trust,2860,0.896153846,4,2020,14,9,4,191291,8588,9717,10335,9296,8378,9813,10731,10540,10023,11458,13906,14939,13906,12793,13294,9908,6848,6651,5930,193035000
Wye Valley NHS Trust,4230,0.845626478,5,2020,17,12,6,191291,8588,9717,10335,9296,8378,9813,10731,10540,10023,11458,13906,14939,13906,12793,13294,9908,6848,6651,5930,193035000
Wye Valley NHS Trust,4554,0.805884936,6,2020,18,14,10,191291,8588,9717,10335,9296,8378,9813,10731,10540,10023,11458,13906,14939,13906,12793,13294,9908,6848,6651,5930,193035000
Wye Valley NHS Trust,5139,0.82934423,7,2020,19,15,11,191291,8588,9717,10335,9296,8378,9813,10731,10540,10023,11458,13906,14939,13906,12793,13294,9908,6848,6651,5930,193035000
Wye Valley NHS Trust,5365,0.812301957,8,2020,21,17,13,191291,8588,9717,10335,9296,8378,9813,10731,10540,10023,11458,13906,14939,13906,12793,13294,9908,6848,6651,5930,193035000
Wye Valley NHS Trust,5278,0.809208033,9,2020,18,13,9,191291,8588,9717,10335,9296,8378,9813,10731,10540,10023,11458,13906,14939,13906,12793,13294,9908,6848,6651,5930,193035000
Wye Valley NHS Trust,4998,0.739695878,10,2020,13,10,7,191291,8588,9717,10335,9296,8378,9813,10731,10540,10023,11458,13906,14939,13906,12793,13294,9908,6848,6651,5930,193035000
Wye Valley NHS Trust,4433,0.734942477,11,2020,11,8,5,191291,8588,9717,10335,9296,8378,9813,10731,10540,10023,11458,13906,14939,13906,12793,13294,9908,6848,6651,5930,193035000
Wye Valley NHS Trust,4738,0.672013508,12,2020,7,5,2,191291,8588,9717,10335,9296,8378,9813,10731,10540,10023,11458,13906,14939,13906,12793,13294,9908,6848,6651,5930,193035000
Wye Valley NHS Trust,4002,0.724637681,1,2021,5,3,0,190368,8547,9670,10285,9251,8338,9765,10679,10489,9975,11403,13839,14867,13839,12731,13230,9861,6815,6619,5901,222034000
Wye Valley NHS Trust,3854,0.747794499,2,2021,7,4,1,190368,8547,9670,10285,9251,8338,9765,10679,10489,9975,11403,13839,14867,13839,12731,13230,9861,6815,6619,5901,222034000
Wye Valley NHS Trust,5099,0.792900569,3,2021,10,6,3,190368,8547,9670,10285,9251,8338,9765,10679,10489,9975,11403,13839,14867,13839,12731,13230,9861,6815,6619,5901,222034000
Wye Valley NHS Trust,5526,0.757871878,4,2021,11,6,0,190368,8547,9670,10285,9251,8338,9765,10679,10489,9975,11403,13839,14867,13839,12731,13230,9861,6815,6619,5901,222034000
Wye Valley NHS Trust,6061,0.725127867,5,2021,13,9,5,190368,8547,9670,10285,9251,8338,9765,10679,10489,9975,11403,13839,14867,13839,12731,13230,9861,6815,6619,5901,222034000
Wye Valley NHS Trust,6262,0.696901948,6,2021,19,15,10,190368,8547,9670,10285,9251,8338,9765,10679,10489,9975,11403,13839,14867,13839,12731,13230,9861,6815,6619,5901,222034000
Wye Valley NHS Trust,6180,0.703398058,7,2021,21,17,13,190368,8547,9670,10285,9251,8338,9765,10679,10489,9975,11403,13839,14867,13839,12731,13230,9861,6815,6619,5901,222034000
Wye Valley NHS Trust,5629,0.607212649,8,2021,20,16,12,190368,8547,9670,10285,9251,8338,9765,10679,10489,9975,11403,13839,14867,13839,12731,13230,9861,6815,6619,5901,222034000
Wye Valley NHS Trust,5676,0.666490486,9,2021,20,15,11,190368,8547,9670,10285,9251,8338,9765,10679,10489,9975,11403,13839,14867,13839,12731,13230,9861,6815,6619,5901,222034000
Wye Valley NHS Trust,5774,0.630239002,10,2021,15,12,9,190368,8547,9670,10285,9251,8338,9765,10679,10489,9975,11403,13839,14867,13839,12731,13230,9861,6815,6619,5901,222034000
Wye Valley NHS Trust,5434,0.641884431,11,2021,10,7,5,190368,8547,9670,10285,9251,8338,9765,10679,10489,9975,11403,13839,14867,13839,12731,13230,9861,6815,6619,5901,222034000
Wye Valley NHS Trust,5415,0.635272392,12,2021,9,6,4,190368,8547,9670,10285,9251,8338,9765,10679,10489,9975,11403,13839,14867,13839,12731,13230,9861,6815,6619,5901,222034000
Wye Valley NHS Trust,5380,0.611710037,1,2022,8,4,1,189445,8506,9623,10235,9207,8297,9718,10627,10438,9926,11347,13772,14795,13772,12670,13166,9813,6782,6587,5872,276017000
Wye Valley NHS Trust,5302,0.628819313,2,2022,10,7,3,189445,8506,9623,10235,9207,8297,9718,10627,10438,9926,11347,13772,14795,13772,12670,13166,9813,6782,6587,5872,276017000
Wye Valley NHS Trust,6062,0.595842956,3,2022,11,7,3,189445,8506,9623,10235,9207,8297,9718,10627,10438,9926,11347,13772,14795,13772,12670,13166,9813,6782,6587,5872,276017000
Wye Valley NHS Trust,5675,0.600528634,4,2022,13,8,4,189445,8506,9623,10235,9207,8297,9718,10627,10438,9926,11347,13772,14795,13772,12670,13166,9813,6782,6587,5872,276017000
Wye Valley NHS Trust,6023,0.632741159,5,2022,16,12,8,189445,8506,9623,10235,9207,8297,9718,10627,10438,9926,11347,13772,14795,13772,12670,13166,9813,6782,6587,5872,276017000
Wye Valley NHS Trust,6102,0.587840052,6,2022,19,14,9,189445,8506,9623,10235,9207,8297,9718,10627,10438,9926,11347,13772,14795,13772,12670,13166,9813,6782,6587,5872,276017000
Wye Valley NHS Trust,6041,0.574739282,7,2022,24,18,12,189445,8506,9623,10235,9207,8297,9718,10627,10438,9926,11347,13772,14795,13772,12670,13166,9813,6782,6587,5872,276017000
Wye Valley NHS Trust,5579,0.55637211,8,2022,25,19,13,189445,8506,9623,10235,9207,8297,9718,10627,10438,9926,11347,13772,14795,13772,12670,13166,9813,6782,6587,5872,276017000
Wye Valley NHS Trust,5542,0.555034284,9,2022,18,14,10,189445,8506,9623,10235,9207,8297,9718,10627,10438,9926,11347,13772,14795,13772,12670,13166,9813,6782,6587,5872,276017000
Wye Valley NHS Trust,5917,0.532364374,10,2022,16,13,9,189445,8506,9623,10235,9207,8297,9718,10627,10438,9926,11347,13772,14795,13772,12670,13166,9813,6782,6587,5872,276017000
Wye Valley NHS Trust,5546,0.563288857,11,2022,11,9,6,189445,8506,9623,10235,9207,8297,9718,10627,10438,9926,11347,13772,14795,13772,12670,13166,9813,6782,6587,5872,276017000
Wye Valley NHS Trust,6015,0.442726517,12,2022,7,4,2,189445,8506,9623,10235,9207,8297,9718,10627,10438,9926,11347,13772,14795,13772,12670,13166,9813,6782,6587,5872,276017000
Wye Valley NHS Trust,5165,0.534559535,1,2023,8,5,2,188522,8464,9576,10185,9162,8257,9671,10576,10387,9878,11292,13705,14723,13705,12608,13102,9765,6749,6554,5844,330000000
Wye Valley NHS Trust,5234,0.551203668,2,2023,10,6,3,188522,8464,9576,10185,9162,8257,9671,10576,10387,9878,11292,13705,14723,13705,12608,13102,9765,6749,6554,5844,330000000
Wye Valley NHS Trust,5976,0.547356091,3,2023,9,6,3,188522,8464,9576,10185,9162,8257,9671,10576,10387,9878,11292,13705,14723,13705,12608,13102,9765,6749,6554,5844,330000000
Wye Valley NHS Trust,5478,0.596385542,4,2023,12,8,4,188522,8464,9576,10185,9162,8257,9671,10576,10387,9878,11292,13705,14723,13705,12608,13102,9765,6749,6554,5844,330000000
Wye Valley NHS Trust,5905,0.576460627,5,2023,17,12,7,188522,8464,9576,10185,9162,8257,9671,10576,10387,9878,11292,13705,14723,13705,12608,13102,9765,6749,6554,5844,330000000
Wye Valley NHS Trust,6027,0.592832255,6,2023,21,16,11,188522,8464,9576,10185,9162,8257,9671,10576,10387,9878,11292,13705,14723,13705,12608,13102,9765,6749,6554,5844,330000000
Wye Valley NHS Trust,5936,0.563005391,7,2023,19,15,11,188522,8464,9576,10185,9162,8257,9671,10576,10387,9878,11292,13705,14723,13705,12608,13102,9765,6749,6554,5844,330000000
Wye Valley NHS Trust,5737,0.555865435,8,2023,20,16,11,188522,8464,9576,10185,9162,8257,9671,10576,10387,9878,11292,13705,14723,13705,12608,13102,9765,6749,6554,5844,330000000
Wye Valley NHS Trust,5886,0.539585457,9,2023,20,16,12,188522,8464,9576,10185,9162,8257,9671,10576,10387,9878,11292,13705,14723,13705,12608,13102,9765,6749,6554,5844,330000000
Wye Valley NHS Trust,6135,0.568541157,10,2023,15,12,9,188522,8464,9576,10185,9162,8257,9671,10576,10387,9878,11292,13705,14723,13705,12608,13102,9765,6749,6554,5844,330000000
Wye Valley NHS Trust,5771,0.559175186,11,2023,10,7,5,188522,8464,9576,10185,9162,8257,9671,10576,10387,9878,11292,13705,14723,13705,12608,13102,9765,6749,6554,5844,330000000
Wye Valley NHS Trust,5825,0.529098712,12,2023,9,7,5,188522,8464,9576,10185,9162,8257,9671,10576,10387,9878,11292,13705,14723,13705,12608,13102,9765,6749,6554,5844,330000000
Wye Valley NHS Trust,5664,0.526483051,1,2024,7,4,2,187600,8423,9530,10136,9117,8216,9623,10524,10336,9830,11237,13638,14651,13638,12546,13038,9717,6716,6522,5815,383983000
Wye Valley NHS Trust,5730,0.54921466,2,2024,10,7,4,187600,8423,9530,10136,9117,8216,9623,10524,10336,9830,11237,13638,14651,13638,12546,13038,9717,6716,6522,5815,383983000
Wye Valley NHS Trust,6377,0.588521248,3,2024,10,7,3,187600,8423,9530,10136,9117,8216,9623,10524,10336,9830,11237,13638,14651,13638,12546,13038,9717,6716,6522,5815,383983000
Wye Valley NHS Trust,6297,0.622359854,4,2024,12,8,4,187600,8423,9530,10136,9117,8216,9623,10524,10336,9830,11237,13638,14651,13638,12546,13038,9717,6716,6522,5815,383983000
Wye Valley NHS Trust,6700,0.624626866,5,2024,16,12,8,187600,8423,9530,10136,9117,8216,9623,10524,10336,9830,11237,13638,14651,13638,12546,13038,9717,6716,6522,5815,383983000
