Name,Type 1 Departments - Major A&E,Percentage in 4 hours or less (type 1),Month,Year,Max temp,Avrg temp,Min temp,Population,Age 0 to 4,Age 5 to 9,Age 10 to 14,Age 15 to 19,Age 20 to 24,Age 25 to 29,Age 30 to 34,Age 35 to 39,Age 40 to 44,Age 45 to 49,Age 50 to 54,Age 55 to 59,Age 60 to 64,Age 65 to 69,Age 70 to 74,Age 75 to 79,Age 80 to 84,Age 85+,BME %,Non UK Born,Budget
Barts Health NHS Trust,6199,0.940635586,4,2012,12,7,3,2583775,153574,154251,155414,142076,171045,228147,234606,213419,193524,172337,166575,148308,117303,88881,78030,55034,40926,39790,1291887,981834,1060000000
Barts Health NHS Trust,7122,0.934709351,5,2012,16,12,8,2583775,153574,154251,155414,142076,171045,228147,234606,213419,193524,172337,166575,148308,117303,88881,78030,55034,40926,39790,1291887,981834,1060000000
Barts Health NHS Trust,6651,0.936550895,6,2012,17,14,10,2583775,153574,154251,155414,142076,171045,228147,234606,213419,193524,172337,166575,148308,117303,88881,78030,55034,40926,39790,1291887,981834,1060000000
Barts Health NHS Trust,6097,0.960964409,7,2012,20,16,12,2583775,153574,154251,155414,142076,171045,228147,234606,213419,193524,172337,166575,148308,117303,88881,78030,55034,40926,39790,1291887,981834,1060000000
Barts Health NHS Trust,6146,0.93931012,8,2012,22,17,13,2583775,153574,154251,155414,142076,171045,228147,234606,213419,193524,172337,166575,148308,117303,88881,78030,55034,40926,39790,1291887,981834,1060000000
Barts Health NHS Trust,6333,0.922943313,9,2012,18,14,9,2583775,153574,154251,155414,142076,171045,228147,234606,213419,193524,172337,166575,148308,117303,88881,78030,55034,40926,39790,1291887,981834,1060000000
Barts Health NHS Trust,5975,0.945271967,10,2012,13,10,7,2583775,153574,154251,155414,142076,171045,228147,234606,213419,193524,172337,166575,148308,117303,88881,78030,55034,40926,39790,1291887,981834,1060000000
Barts Health NHS Trust,6272,0.956313776,11,2012,10,7,4,2583775,153574,154251,155414,142076,171045,228147,234606,213419,193524,172337,166575,148308,117303,88881,78030,55034,40926,39790,1291887,981834,1060000000
Barts Health NHS Trust,5805,0.956072351,12,2012,7,5,3,2583775,153574,154251,155414,142076,171045,228147,234606,213419,193524,172337,166575,148308,117303,88881,78030,55034,40926,39790,1291887,981834,1060000000
Barts Health NHS Trust,6166,0.947453779,1,2013,5,3,1,2610897,155187,155870,157045,143568,172841,230542,237069,215660,195556,174146,168324,149865,118534,89814,78849,55612,41356,40207,1305448,992140,1155000000
Barts Health NHS Trust,5814,0.899896801,2,2013,5,3,0,2610897,155187,155870,157045,143568,172841,230542,237069,215660,195556,174146,168324,149865,118534,89814,78849,55612,41356,40207,1305448,992140,1155000000
Barts Health NHS Trust,6018,0.925722832,3,2013,6,3,0,2610897,155187,155870,157045,143568,172841,230542,237069,215660,195556,174146,168324,149865,118534,89814,78849,55612,41356,40207,1305448,992140,1155000000
Barts Health NHS Trust,6043,0.902035413,4,2013,12,7,3,2610897,155187,155870,157045,143568,172841,230542,237069,215660,195556,174146,168324,149865,118534,89814,78849,55612,41356,40207,1305448,992140,1155000000
Barts Health NHS Trust,5735,0.973496077,5,2013,15,11,6,2610897,155187,155870,157045,143568,172841,230542,237069,215660,195556,174146,168324,149865,118534,89814,78849,55612,41356,40207,1305448,992140,1155000000
Barts Health NHS Trust,5953,0.959852175,6,2013,19,14,9,2610897,155187,155870,157045,143568,172841,230542,237069,215660,195556,174146,168324,149865,118534,89814,78849,55612,41356,40207,1305448,992140,1155000000
Barts Health NHS Trust,5804,0.91919366,7,2013,25,19,14,2610897,155187,155870,157045,143568,172841,230542,237069,215660,195556,174146,168324,149865,118534,89814,78849,55612,41356,40207,1305448,992140,1155000000
Barts Health NHS Trust,5424,0.898967552,8,2013,23,18,13,2610897,155187,155870,157045,143568,172841,230542,237069,215660,195556,174146,168324,149865,118534,89814,78849,55612,41356,40207,1305448,992140,1155000000
Barts Health NHS Trust,5840,0.890068493,9,2013,19,14,10,2610897,155187,155870,157045,143568,172841,230542,237069,215660,195556,174146,168324,149865,118534,89814,78849,55612,41356,40207,1305448,992140,1155000000
Barts Health NHS Trust,5786,0.939854822,10,2013,16,13,10,2610897,155187,155870,157045,143568,172841,230542,237069,215660,195556,174146,168324,149865,118534,89814,78849,55612,41356,40207,1305448,992140,1155000000
Barts Health NHS Trust,5631,0.93322678,11,2013,9,6,4,2610897,155187,155870,157045,143568,172841,230542,237069,215660,195556,174146,168324,149865,118534,89814,78849,55612,41356,40207,1305448,992140,1155000000
Barts Health NHS Trust,4933,0.941009528,12,2013,9,6,4,2610897,155187,155870,157045,143568,172841,230542,237069,215660,195556,174146,168324,149865,118534,89814,78849,55612,41356,40207,1305448,992140,1155000000
Barts Health NHS Trust,5511,0.921792778,1,2014,8,6,3,2638019,156799,157489,158676,145059,174636,232937,239532,217900,197587,175955,170073,151422,119766,90747,79668,56189,41786,40625,1319009,1002447,1250000000
Barts Health NHS Trust,5943,0.938078412,2,2014,9,6,3,2638019,156799,157489,158676,145059,174636,232937,239532,217900,197587,175955,170073,151422,119766,90747,79668,56189,41786,40625,1319009,1002447,1250000000
Barts Health NHS Trust,5777,0.965033755,3,2014,13,8,4,2638019,156799,157489,158676,145059,174636,232937,239532,217900,197587,175955,170073,151422,119766,90747,79668,56189,41786,40625,1319009,1002447,1250000000
Barts Health NHS Trust,5979,0.927747115,4,2014,15,11,6,2638019,156799,157489,158676,145059,174636,232937,239532,217900,197587,175955,170073,151422,119766,90747,79668,56189,41786,40625,1319009,1002447,1250000000
Barts Health NHS Trust,6275,0.918565737,5,2014,17,13,8,2638019,156799,157489,158676,145059,174636,232937,239532,217900,197587,175955,170073,151422,119766,90747,79668,56189,41786,40625,1319009,1002447,1250000000
Barts Health NHS Trust,6127,0.91643545,6,2014,20,16,11,2638019,156799,157489,158676,145059,174636,232937,239532,217900,197587,175955,170073,151422,119766,90747,79668,56189,41786,40625,1319009,1002447,1250000000
Barts Health NHS Trust,5769,0.951291385,7,2014,24,19,14,2638019,156799,157489,158676,145059,174636,232937,239532,217900,197587,175955,170073,151422,119766,90747,79668,56189,41786,40625,1319009,1002447,1250000000
Barts Health NHS Trust,5305,0.90537229,8,2014,20,16,12,2638019,156799,157489,158676,145059,174636,232937,239532,217900,197587,175955,170073,151422,119766,90747,79668,56189,41786,40625,1319009,1002447,1250000000
Barts Health NHS Trust,5986,0.930337454,9,2014,21,16,12,2638019,156799,157489,158676,145059,174636,232937,239532,217900,197587,175955,170073,151422,119766,90747,79668,56189,41786,40625,1319009,1002447,1250000000
Barts Health NHS Trust,6171,0.897909577,10,2014,17,13,10,2638019,156799,157489,158676,145059,174636,232937,239532,217900,197587,175955,170073,151422,119766,90747,79668,56189,41786,40625,1319009,1002447,1250000000
Barts Health NHS Trust,6281,0.843177838,11,2014,11,9,7,2638019,156799,157489,158676,145059,174636,232937,239532,217900,197587,175955,170073,151422,119766,90747,79668,56189,41786,40625,1319009,1002447,1250000000
Barts Health NHS Trust,5212,0.819071374,12,2014,8,5,2,2665141,158411,159108,160308,146550,176432,235331,241994,220140,199619,177764,171821,152979,120997,91680,80487,56767,42215,41043,1332570,1002447,1250000000
Barts Health NHS Trust,5589,0.850420469,1,2015,8,5,2,2665141,158411,159108,160308,146550,176432,235331,241994,220140,199619,177764,171821,152979,120997,91680,80487,56767,42215,41043,1332570,1012753,1345000000
Barts Health NHS Trust,5537,0.87809283,2,2015,7,4,1,2665141,158411,159108,160308,146550,176432,235331,241994,220140,199619,177764,171821,152979,120997,91680,80487,56767,42215,41043,1332570,1012753,1345000000
Barts Health NHS Trust,5864,0.828785812,3,2015,10,7,3,2665141,158411,159108,160308,146550,176432,235331,241994,220140,199619,177764,171821,152979,120997,91680,80487,56767,42215,41043,1332570,1012753,1345000000
Barts Health NHS Trust,27291,0.876003078,6,2015,20,15,10,2665141,158411,159108,160308,146550,176432,235331,241994,220140,199619,177764,171821,152979,120997,91680,80487,56767,42215,41043,1332570,1012753,1345000000
Barts Health NHS Trust,26893,0.850741829,7,2015,21,17,13,2665141,158411,159108,160308,146550,176432,235331,241994,220140,199619,177764,171821,152979,120997,91680,80487,56767,42215,41043,1332570,1012753,1345000000
Barts Health NHS Trust,25265,0.878013062,8,2015,21,17,14,2665141,158411,159108,160308,146550,176432,235331,241994,220140,199619,177764,171821,152979,120997,91680,80487,56767,42215,41043,1332570,1012753,1345000000
Barts Health NHS Trust,25851,0.850373293,9,2015,17,14,10,2665141,158411,159108,160308,146550,176432,235331,241994,220140,199619,177764,171821,152979,120997,91680,80487,56767,42215,41043,1332570,1012753,1345000000
Barts Health NHS Trust,27746,0.822064442,10,2015,15,12,9,2665141,158411,159108,160308,146550,176432,235331,241994,220140,199619,177764,171821,152979,120997,91680,80487,56767,42215,41043,1332570,1012753,1345000000
Barts Health NHS Trust,26908,0.819198751,11,2015,13,11,8,2665141,158411,159108,160308,146550,176432,235331,241994,220140,199619,177764,171821,152979,120997,91680,80487,56767,42215,41043,1332570,1012753,1345000000
Barts Health NHS Trust,27194,0.817312642,12,2015,12,11,8,2665141,158411,159108,160308,146550,176432,235331,241994,220140,199619,177764,171821,152979,120997,91680,80487,56767,42215,41043,1332570,1012753,1345000000
Barts Health NHS Trust,27452,0.812144835,1,2016,8,6,4,2692263,160023,160728,161939,148042,178227,237726,244457,222380,201650,179573,173570,154535,122228,92613,81306,57345,42645,41460,1346131,1023059,1440000000
Barts Health NHS Trust,27209,0.802087545,2,2016,8,6,3,2692263,160023,160728,161939,148042,178227,237726,244457,222380,201650,179573,173570,154535,122228,92613,81306,57345,42645,41460,1346131,1023059,1440000000
Barts Health NHS Trust,29960,0.825500668,3,2016,10,6,3,2692263,160023,160728,161939,148042,178227,237726,244457,222380,201650,179573,173570,154535,122228,92613,81306,57345,42645,41460,1346131,1023059,1440000000
Barts Health NHS Trust,27396,0.813877938,4,2016,12,8,4,2692263,160023,160728,161939,148042,178227,237726,244457,222380,201650,179573,173570,154535,122228,92613,81306,57345,42645,41460,1346131,1023059,1440000000
Barts Health NHS Trust,29397,0.817464367,5,2016,17,13,9,2692263,160023,160728,161939,148042,178227,237726,244457,222380,201650,179573,173570,154535,122228,92613,81306,57345,42645,41460,1346131,1023059,1440000000
Barts Health NHS Trust,28180,0.814336409,6,2016,19,15,11,2692263,160023,160728,161939,148042,178227,237726,244457,222380,201650,179573,173570,154535,122228,92613,81306,57345,42645,41460,1346131,1023059,1440000000
Barts Health NHS Trust,29016,0.852736421,7,2016,21,17,13,2692263,160023,160728,161939,148042,178227,237726,244457,222380,201650,179573,173570,154535,122228,92613,81306,57345,42645,41460,1346131,1023059,1440000000
Barts Health NHS Trust,27117,0.85658443,8,2016,23,18,14,2692263,160023,160728,161939,148042,178227,237726,244457,222380,201650,179573,173570,154535,122228,92613,81306,57345,42645,41460,1346131,1023059,1440000000
Barts Health NHS Trust,28857,0.865578542,9,2016,21,17,13,2692263,160023,160728,161939,148042,178227,237726,244457,222380,201650,179573,173570,154535,122228,92613,81306,57345,42645,41460,1346131,1023059,1440000000
Barts Health NHS Trust,29209,0.827963984,10,2016,15,11,8,2692263,160023,160728,161939,148042,178227,237726,244457,222380,201650,179573,173570,154535,122228,92613,81306,57345,42645,41460,1346131,1023059,1440000000
Barts Health NHS Trust,28843,0.816315917,11,2016,9,7,4,2692263,160023,160728,161939,148042,178227,237726,244457,222380,201650,179573,173570,154535,122228,92613,81306,57345,42645,41460,1346131,1023059,1440000000
Barts Health NHS Trust,29522,0.752794526,12,2016,9,7,4,2692263,160023,160728,161939,148042,178227,237726,244457,222380,201650,179573,173570,154535,122228,92613,81306,57345,42645,41460,1346131,1023059,1440000000
Barts Health NHS Trust,28420,0.738705137,1,2017,6,4,1,2719385,161635,162347,163571,149533,180023,240121,246920,224621,203681,181382,175318,156092,123460,93546,82125,57922,43075,41878,1359692,1033366,1535000000
Barts Health NHS Trust,25955,0.761664419,2,2017,9,7,4,2719385,161635,162347,163571,149533,180023,240121,246920,224621,203681,181382,175318,156092,123460,93546,82125,57922,43075,41878,1359692,1033366,1535000000
Barts Health NHS Trust,30210,0.804634227,3,2017,12,9,6,2719385,161635,162347,163571,149533,180023,240121,246920,224621,203681,181382,175318,156092,123460,93546,82125,57922,43075,41878,1359692,1033366,1535000000
Barts Health NHS Trust,27834,0.779945391,4,2017,13,9,5,2719385,161635,162347,163571,149533,180023,240121,246920,224621,203681,181382,175318,156092,123460,93546,82125,57922,43075,41878,1359692,1033366,1535000000
Barts Health NHS Trust,29615,0.794867466,5,2017,17,13,9,2719385,161635,162347,163571,149533,180023,240121,246920,224621,203681,181382,175318,156092,123460,93546,82125,57922,43075,41878,1359692,1033366,1535000000
Barts Health NHS Trust,28006,0.85613797,6,2017,21,17,12,2719385,161635,162347,163571,149533,180023,240121,246920,224621,203681,181382,175318,156092,123460,93546,82125,57922,43075,41878,1359692,1033366,1535000000
Barts Health NHS Trust,29475,0.842103478,7,2017,22,18,14,2719385,161635,162347,163571,149533,180023,240121,246920,224621,203681,181382,175318,156092,123460,93546,82125,57922,43075,41878,1359692,1033366,1535000000
Barts Health NHS Trust,26810,0.844759418,8,2017,22,18,14,2719385,161635,162347,163571,149533,180023,240121,246920,224621,203681,181382,175318,156092,123460,93546,82125,57922,43075,41878,1359692,1033366,1535000000
Barts Health NHS Trust,28070,0.813751336,9,2017,19,15,12,2719385,161635,162347,163571,149533,180023,240121,246920,224621,203681,181382,175318,156092,123460,93546,82125,57922,43075,41878,1359692,1033366,1535000000
Barts Health NHS Trust,27698,0.802296195,10,2017,16,14,11,2719385,161635,162347,163571,149533,180023,240121,246920,224621,203681,181382,175318,156092,123460,93546,82125,57922,43075,41878,1359692,1033366,1535000000
Barts Health NHS Trust,26990,0.818599481,11,2017,11,8,6,2719385,161635,162347,163571,149533,180023,240121,246920,224621,203681,181382,175318,156092,123460,93546,82125,57922,43075,41878,1359692,1033366,1535000000
Barts Health NHS Trust,26833,0.772742519,12,2017,8,6,4,2719385,161635,162347,163571,149533,180023,240121,246920,224621,203681,181382,175318,156092,123460,93546,82125,57922,43075,41878,1359692,1033366,1535000000
Barts Health NHS Trust,27281,0.785968256,1,2018,9,7,4,2746507,163247,163966,165202,151024,181818,242516,249382,226861,205713,183192,177067,157649,124691,94479,82944,58500,43504,42296,1373253,1043672,1630000000
Barts Health NHS Trust,25341,0.763229549,2,2018,6,4,1,2746507,163247,163966,165202,151024,181818,242516,249382,226861,205713,183192,177067,157649,124691,94479,82944,58500,43504,42296,1373253,1043672,1630000000
Barts Health NHS Trust,28465,0.775900228,3,2018,9,6,3,2746507,163247,163966,165202,151024,181818,242516,249382,226861,205713,183192,177067,157649,124691,94479,82944,58500,43504,42296,1373253,1043672,1630000000
Barts Health NHS Trust,26727,0.862187263,4,2018,15,12,8,2746507,163247,163966,165202,151024,181818,242516,249382,226861,205713,183192,177067,157649,124691,94479,82944,58500,43504,42296,1373253,1043672,1630000000
Barts Health NHS Trust,28102,0.875507159,5,2018,20,16,11,2746507,163247,163966,165202,151024,181818,242516,249382,226861,205713,183192,177067,157649,124691,94479,82944,58500,43504,42296,1373253,1043672,1630000000
Barts Health NHS Trust,26939,0.87574122,6,2018,23,18,14,2746507,163247,163966,165202,151024,181818,242516,249382,226861,205713,183192,177067,157649,124691,94479,82944,58500,43504,42296,1373253,1043672,1630000000
Barts Health NHS Trust,28357,0.849815567,7,2018,27,22,18,2746507,163247,163966,165202,151024,181818,242516,249382,226861,205713,183192,177067,157649,124691,94479,82944,58500,43504,42296,1373253,1043672,1630000000
Barts Health NHS Trust,25099,0.873567985,8,2018,23,20,16,2746507,163247,163966,165202,151024,181818,242516,249382,226861,205713,183192,177067,157649,124691,94479,82944,58500,43504,42296,1373253,1043672,1630000000
Barts Health NHS Trust,25934,0.871121954,9,2018,20,16,13,2746507,163247,163966,165202,151024,181818,242516,249382,226861,205713,183192,177067,157649,124691,94479,82944,58500,43504,42296,1373253,1043672,1630000000
Barts Health NHS Trust,27167,0.865193004,10,2018,16,13,10,2746507,163247,163966,165202,151024,181818,242516,249382,226861,205713,183192,177067,157649,124691,94479,82944,58500,43504,42296,1373253,1043672,1630000000
Barts Health NHS Trust,27483,0.858858647,11,2018,12,10,7,2746507,163247,163966,165202,151024,181818,242516,249382,226861,205713,183192,177067,157649,124691,94479,82944,58500,43504,42296,1373253,1043672,1630000000
Barts Health NHS Trust,27102,0.849393761,12,2018,10,8,6,2746507,163247,163966,165202,151024,181818,242516,249382,226861,205713,183192,177067,157649,124691,94479,82944,58500,43504,42296,1373253,1043672,1630000000
Barts Health NHS Trust,28273,0.832442878,1,2019,7,5,2,2773629,164859,165585,166833,152516,183614,244911,251845,229101,207744,185001,178815,159206,125922,95412,83763,59078,43934,42713,1386814,1053979,1725000000
Barts Health NHS Trust,25261,0.825268088,2,2019,11,8,5,2773629,164859,165585,166833,152516,183614,244911,251845,229101,207744,185001,178815,159206,125922,95412,83763,59078,43934,42713,1386814,1053979,1725000000
Barts Health NHS Trust,27950,0.834465912,3,2019,12,10,6,2773629,164859,165585,166833,152516,183614,244911,251845,229101,207744,185001,178815,159206,125922,95412,83763,59078,43934,42713,1386814,1053979,1725000000
Barts Health NHS Trust,26232,0.835304291,4,2019,15,11,7,2773629,164859,165585,166833,152516,183614,244911,251845,229101,207744,185001,178815,159206,125922,95412,83763,59078,43934,42713,1386814,1053979,1725000000
Barts Health NHS Trust,26485,0.865788077,5,2019,17,13,9,2773629,164859,165585,166833,152516,183614,244911,251845,229101,207744,185001,178815,159206,125922,95412,83763,59078,43934,42713,1386814,1053979,1725000000
Barts Health NHS Trust,26318,0.85354805,6,2019,20,17,13,2773629,164859,165585,166833,152516,183614,244911,251845,229101,207744,185001,178815,159206,125922,95412,83763,59078,43934,42713,1386814,1053979,1725000000
Barts Health NHS Trust,27522,0.866298244,7,2019,24,20,16,2773629,164859,165585,166833,152516,183614,244911,251845,229101,207744,185001,178815,159206,125922,95412,83763,59078,43934,42713,1386814,1053979,1725000000
Barts Health NHS Trust,25573,0.854845483,8,2019,24,20,16,2773629,164859,165585,166833,152516,183614,244911,251845,229101,207744,185001,178815,159206,125922,95412,83763,59078,43934,42713,1386814,1053979,1725000000
Barts Health NHS Trust,26233,0.844503508,9,2019,20,17,13,2773629,164859,165585,166833,152516,183614,244911,251845,229101,207744,185001,178815,159206,125922,95412,83763,59078,43934,42713,1386814,1053979,1725000000
Barts Health NHS Trust,27007,0.826717365,10,2019,15,12,10,2773629,164859,165585,166833,152516,183614,244911,251845,229101,207744,185001,178815,159206,125922,95412,83763,59078,43934,42713,1386814,1053979,1725000000
Barts Health NHS Trust,27421,0.819229987,11,2019,10,8,6,2773629,164859,165585,166833,152516,183614,244911,251845,229101,207744,185001,178815,159206,125922,95412,83763,59078,43934,42713,1386814,1053979,1725000000
Barts Health NHS Trust,27443,0.800275364,12,2019,9,7,5,2773629,164859,165585,166833,152516,183614,244911,251845,229101,207744,185001,178815,159206,125922,95412,83763,59078,43934,42713,1386814,1053979,1725000000
Barts Health NHS Trust,25529,0.817770361,1,2020,9,7,5,2800751,166471,167204,168465,154007,185409,247306,254308,231342,209776,186810,180564,160763,127154,96345,84582,59655,44363,43131,1400375,1064285,1820000000
Barts Health NHS Trust,23388,0.841794098,2,2020,10,7,5,2800751,166471,167204,168465,154007,185409,247306,254308,231342,209776,186810,180564,160763,127154,96345,84582,59655,44363,43131,1400375,1064285,1820000000
Barts Health NHS Trust,18470,0.81781683,3,2020,11,7,5,2800751,166471,167204,168465,154007,185409,247306,254308,231342,209776,186810,180564,160763,127154,96345,84582,59655,44363,43131,1400375,1064285,1820000000
Barts Health NHS Trust,11732,0.853133079,4,2020,16,12,8,2800751,166471,167204,168465,154007,185409,247306,254308,231342,209776,186810,180564,160763,127154,96345,84582,59655,44363,43131,1400375,1064285,1820000000
Barts Health NHS Trust,14638,0.941328849,5,2020,19,15,10,2800751,166471,167204,168465,154007,185409,247306,254308,231342,209776,186810,180564,160763,127154,96345,84582,59655,44363,43131,1400375,1064285,1820000000
Barts Health NHS Trust,16922,0.948944323,6,2020,21,17,13,2800751,166471,167204,168465,154007,185409,247306,254308,231342,209776,186810,180564,160763,127154,96345,84582,59655,44363,43131,1400375,1064285,1820000000
Barts Health NHS Trust,18672,0.934460747,7,2020,22,18,14,2800751,166471,167204,168465,154007,185409,247306,254308,231342,209776,186810,180564,160763,127154,96345,84582,59655,44363,43131,1400375,1064285,1820000000
Barts Health NHS Trust,19362,0.907629137,8,2020,24,20,17,2800751,166471,167204,168465,154007,185409,247306,254308,231342,209776,186810,180564,160763,127154,96345,84582,59655,44363,43131,1400375,1064285,1820000000
Barts Health NHS Trust,20445,0.889242788,9,2020,20,17,13,2800751,166471,167204,168465,154007,185409,247306,254308,231342,209776,186810,180564,160763,127154,96345,84582,59655,44363,43131,1400375,1064285,1820000000
Barts Health NHS Trust,19508,0.880278113,10,2020,14,12,10,2800751,166471,167204,168465,154007,185409,247306,254308,231342,209776,186810,180564,160763,127154,96345,84582,59655,44363,43131,1400375,1064285,1820000000
Barts Health NHS Trust,18777,0.856807359,11,2020,12,10,8,2800751,166471,167204,168465,154007,185409,247306,254308,231342,209776,186810,180564,160763,127154,96345,84582,59655,44363,43131,1400375,1064285,1820000000
Barts Health NHS Trust,18701,0.785623665,12,2020,8,6,4,2827873,168083,168824,170096,155499,187205,249701,256770,233582,211807,188619,182312,162319,128385,97278,85401,60233,44793,43549,1413936,1074591,1915000000
Barts Health NHS Trust,16427,0.757528219,1,2021,6,4,2,2827873,168083,168824,170096,155499,187205,249701,256770,233582,211807,188619,182312,162319,128385,97278,85401,60233,44793,43549,1413936,1074591,1915000000
Barts Health NHS Trust,15882,0.838780555,2,2021,8,6,3,2827873,168083,168824,170096,155499,187205,249701,256770,233582,211807,188619,182312,162319,128385,97278,85401,60233,44793,43549,1413936,1074591,1915000000
Barts Health NHS Trust,20513,0.863815617,3,2021,11,8,3,2827873,168083,168824,170096,155499,187205,249701,256770,233582,211807,188619,182312,162319,128385,97278,85401,60233,44793,43549,1413936,1074591,1915000000
Barts Health NHS Trust,21740,0.854776662,4,2021,12,7,3,2827873,168083,168824,170096,155499,187205,249701,256770,233582,211807,188619,182312,162319,128385,97278,85401,60233,44793,43549,1413936,1074591,1915000000
Barts Health NHS Trust,23000,0.866943765,5,2021,15,11,7,2827873,168083,168824,170096,155499,187205,249701,256770,233582,211807,188619,182312,162319,128385,97278,85401,60233,44793,43549,1413936,1074591,1915000000
Barts Health NHS Trust,25046,0.834924049,6,2021,21,17,13,2827873,168083,168824,170096,155499,187205,249701,256770,233582,211807,188619,182312,162319,128385,97278,85401,60233,44793,43549,1413936,1074591,1915000000
Barts Health NHS Trust,23427,0.831414203,7,2021,22,18,15,2827873,168083,168824,170096,155499,187205,249701,256770,233582,211807,188619,182312,162319,128385,97278,85401,60233,44793,43549,1413936,1074591,1915000000
Barts Health NHS Trust,22342,0.800009892,8,2021,21,17,14,2827873,168083,168824,170096,155499,187205,249701,256770,233582,211807,188619,182312,162319,128385,97278,85401,60233,44793,43549,1413936,1074591,1915000000
Barts Health NHS Trust,23676,0.780847817,9,2021,21,17,13,2827873,168083,168824,170096,155499,187205,249701,256770,233582,211807,188619,182312,162319,128385,97278,85401,60233,44793,43549,1413936,1074591,1915000000
Barts Health NHS Trust,24534,0.760447165,10,2021,16,13,10,2827873,168083,168824,170096,155499,187205,249701,256770,233582,211807,188619,182312,162319,128385,97278,85401,60233,44793,43549,1413936,1074591,1915000000
Barts Health NHS Trust,22388,0.76233323,11,2021,11,8,6,2827873,168083,168824,170096,155499,187205,249701,256770,233582,211807,188619,182312,162319,128385,97278,85401,60233,44793,43549,1413936,1074591,1915000000
Barts Health NHS Trust,21962,0.741464407,12,2021,9,7,5,2827873,168083,168824,170096,155499,187205,249701,256770,233582,211807,188619,182312,162319,128385,97278,85401,60233,44793,43549,1413936,1074591,1915000000
Barts Health NHS Trust,22189,0.753215598,1,2022,8,5,3,2855000,169696,170443,171728,156990,189001,252096,259234,235823,213839,190428,184061,163877,129617,98212,86221,60811,45223,43967,1427500,1084900,2010000000
Barts Health NHS Trust,21590,0.731643925,2,2022,10,8,5,2855000,169696,170443,171728,156990,189001,252096,259234,235823,213839,190428,184061,163877,129617,98212,86221,60811,45223,43967,1427500,1084900,2010000000
Barts Health NHS Trust,25520,0.721028179,3,2022,12,9,5,2855000,169696,170443,171728,156990,189001,252096,259234,235823,213839,190428,184061,163877,129617,98212,86221,60811,45223,43967,1427500,1084900,2010000000
Barts Health NHS Trust,22967,0.735137469,4,2022,14,10,6,2855000,169696,170443,171728,156990,189001,252096,259234,235823,213839,190428,184061,163877,129617,98212,86221,60811,45223,43967,1427500,1084900,2010000000
Barts Health NHS Trust,25736,0.695721147,5,2022,18,14,10,2855000,169696,170443,171728,156990,189001,252096,259234,235823,213839,190428,184061,163877,129617,98212,86221,60811,45223,43967,1427500,1084900,2010000000
Barts Health NHS Trust,25517,0.693502239,6,2022,22,17,12,2855000,169696,170443,171728,156990,189001,252096,259234,235823,213839,190428,184061,163877,129617,98212,86221,60811,45223,43967,1427500,1084900,2010000000
Barts Health NHS Trust,24718,0.674765122,7,2022,26,21,16,2855000,169696,170443,171728,156990,189001,252096,259234,235823,213839,190428,184061,163877,129617,98212,86221,60811,45223,43967,1427500,1084900,2010000000
Barts Health NHS Trust,22642,0.702064451,8,2022,26,21,17,2855000,169696,170443,171728,156990,189001,252096,259234,235823,213839,190428,184061,163877,129617,98212,86221,60811,45223,43967,1427500,1084900,2010000000
Barts Health NHS Trust,22655,0.704159593,9,2022,19,16,13,2855000,169696,170443,171728,156990,189001,252096,259234,235823,213839,190428,184061,163877,129617,98212,86221,60811,45223,43967,1427500,1084900,2010000000
Barts Health NHS Trust,24449,0.649800806,10,2022,17,14,11,2855000,169696,170443,171728,156990,189001,252096,259234,235823,213839,190428,184061,163877,129617,98212,86221,60811,45223,43967,1427500,1084900,2010000000
Barts Health NHS Trust,24470,0.634149584,11,2022,13,10,8,2855000,169696,170443,171728,156990,189001,252096,259234,235823,213839,190428,184061,163877,129617,98212,86221,60811,45223,43967,1427500,1084900,2010000000
Barts Health NHS Trust,24671,0.609371919,12,2022,7,5,3,2855000,169696,170443,171728,156990,189001,252096,259234,235823,213839,190428,184061,163877,129617,98212,86221,60811,45223,43967,1427500,1084900,2010000000
Barts Health NHS Trust,22053,0.701531894,1,2023,8,6,3,2882122,171308,172062,173359,158482,190796,254491,261696,238063,215870,192237,185810,165433,130848,99144,87040,61389,45652,44384,1441061,1095206,2105000000
Barts Health NHS Trust,21413,0.658387932,2,2023,10,7,4,2882122,171308,172062,173359,158482,190796,254491,261696,238063,215870,192237,185810,165433,130848,99144,87040,61389,45652,44384,1441061,1095206,2105000000
Barts Health NHS Trust,23488,0.681149021,3,2023,11,8,5,2882122,171308,172062,173359,158482,190796,254491,261696,238063,215870,192237,185810,165433,130848,99144,87040,61389,45652,44384,1441061,1095206,2105000000
Barts Health NHS Trust,21235,0.732113832,4,2023,13,9,6,2882122,171308,172062,173359,158482,190796,254491,261696,238063,215870,192237,185810,165433,130848,99144,87040,61389,45652,44384,1441061,1095206,2105000000
Barts Health NHS Trust,24315,0.679175583,5,2023,17,13,9,2882122,171308,172062,173359,158482,190796,254491,261696,238063,215870,192237,185810,165433,130848,99144,87040,61389,45652,44384,1441061,1095206,2105000000
Barts Health NHS Trust,23852,0.701214123,6,2023,24,18,13,2882122,171308,172062,173359,158482,190796,254491,261696,238063,215870,192237,185810,165433,130848,99144,87040,61389,45652,44384,1441061,1095206,2105000000
Barts Health NHS Trust,24175,0.703739997,7,2023,22,18,14,2882122,171308,172062,173359,158482,190796,254491,261696,238063,215870,192237,185810,165433,130848,99144,87040,61389,45652,44384,1441061,1095206,2105000000
Barts Health NHS Trust,22528,0.692365626,8,2023,22,18,14,2882122,171308,172062,173359,158482,190796,254491,261696,238063,215870,192237,185810,165433,130848,99144,87040,61389,45652,44384,1441061,1095206,2105000000
Barts Health NHS Trust,23968,0.679745773,9,2023,23,19,16,2882122,171308,172062,173359,158482,190796,254491,261696,238063,215870,192237,185810,165433,130848,99144,87040,61389,45652,44384,1441061,1095206,2105000000
Barts Health NHS Trust,24807,0.668585992,10,2023,17,14,12,2882122,171308,172062,173359,158482,190796,254491,261696,238063,215870,192237,185810,165433,130848,99144,87040,61389,45652,44384,1441061,1095206,2105000000
Barts Health NHS Trust,24350,0.649658126,11,2023,11,9,7,2882122,171308,172062,173359,158482,190796,254491,261696,238063,215870,192237,185810,165433,130848,99144,87040,61389,45652,44384,1441061,1095206,2105000000
Barts Health NHS Trust,24700,0.657648504,12,2023,10,8,6,2882122,171308,172062,173359,158482,190796,254491,261696,238063,215870,192237,185810,165433,130848,99144,87040,61389,45652,44384,1441061,1095206,2105000000
Barts Health NHS Trust,24262,0.66571334,1,2024,8,6,4,2909244,172920,173681,174991,159973,192591,256886,264159,240303,217902,194046,187558,166990,132079,100077,87859,61966,46082,44802,1454622,1105512,2200000000
Barts Health NHS Trust,23473,0.647603007,2,2024,11,9,7,2909244,172920,173681,174991,159973,192591,256886,264159,240303,217902,194046,187558,166990,132079,100077,87859,61966,46082,44802,1454622,1105512,2200000000
Barts Health NHS Trust,25521,0.730340613,3,2024,12,9,6,2909244,172920,173681,174991,159973,192591,256886,264159,240303,217902,194046,187558,166990,132079,100077,87859,61966,46082,44802,1454622,1105512,2200000000
Barts Health NHS Trust,23379,0.654413014,4,2024,13,10,7,2909244,172920,173681,174991,159973,192591,256886,264159,240303,217902,194046,187558,166990,132079,100077,87859,61966,46082,44802,1454622,1105512,2200000000
Barts Health NHS Trust,24992,0.670437065,5,2024,18,14,10,2909244,172920,173681,174991,159973,192591,256886,264159,240303,217902,194046,187558,166990,132079,100077,87859,61966,46082,44802,1454622,1105512,2200000000
