Name,Type 1 Departments - Major A&E,Percentage in 4 hours or less (type 1),Month,Year,Max temp,Avrg temp,Min temp,Population,Age 0 to 4,Age 5 to 9,Age 10 to 14,Age 15 to 19,Age 20 to 24,Age 25 to 29,Age 30 to 34,Age 35 to 39,Age 40 to 44,Age 45 to 49,Age 50 to 54,Age 55 to 59,Age 60 to 64,Age 65 to 69,Age 70 to 74,Age 75 to 79,Age 80 to 84,Age 85+,BME %,Budget
Northumbria Healthcare NHS Foundation Trust,10060,0.99,11,2010,6,5,3,314964,13905,16352,17039,15375,13606,15571,16548,17039,17039,19291,22718,25266,24286,22132,22541,15471,10362,9385,4881,494000000
Northumbria Healthcare NHS Foundation Trust,10060,0.930019881,12,2010,1,0,-2,314964,13905,16352,17039,15375,13606,15571,16548,17039,17039,19291,22718,25266,24286,22132,22541,15471,10362,9385,4881,494000000
Northumbria Healthcare NHS Foundation Trust,10028,0.971280415,1,2011,5,3,1,315858,13945,16399,17087,15419,13645,15616,16595,17087,17087,19346,22782,25338,24355,22195,22605,15514,10391,9412,4895,494000000
Northumbria Healthcare NHS Foundation Trust,10028,0.969285999,2,2011,7,5,3,315858,13945,16399,17087,15419,13645,15616,16595,17087,17087,19346,22782,25338,24355,22195,22605,15514,10391,9412,4895,494000000
Northumbria Healthcare NHS Foundation Trust,11428,0.941897095,3,2011,9,6,3,315858,13945,16399,17087,15419,13645,15616,16595,17087,17087,19346,22782,25338,24355,22195,22605,15514,10391,9412,4895,494000000
Northumbria Healthcare NHS Foundation Trust,11128,0.96333573,4,2011,14,10,6,315858,13945,16399,17087,15419,13645,15616,16595,17087,17087,19346,22782,25338,24355,22195,22605,15514,10391,9412,4895,494000000
Northumbria Healthcare NHS Foundation Trust,10696,0.953627524,5,2011,14,11,7,315858,13945,16399,17087,15419,13645,15616,16595,17087,17087,19346,22782,25338,24355,22195,22605,15514,10391,9412,4895,494000000
Northumbria Healthcare NHS Foundation Trust,10812,0.988161302,6,2011,16,12,8,315858,13945,16399,17087,15419,13645,15616,16595,17087,17087,19346,22782,25338,24355,22195,22605,15514,10391,9412,4895,494000000
Northumbria Healthcare NHS Foundation Trust,10776,0.983667409,7,2011,17,14,10,315858,13945,16399,17087,15419,13645,15616,16595,17087,17087,19346,22782,25338,24355,22195,22605,15514,10391,9412,4895,494000000
Northumbria Healthcare NHS Foundation Trust,11008,0.977834302,8,2011,17,14,11,315858,13945,16399,17087,15419,13645,15616,16595,17087,17087,19346,22782,25338,24355,22195,22605,15514,10391,9412,4895,494000000
Northumbria Healthcare NHS Foundation Trust,11296,0.986189802,9,2011,17,13,10,315858,13945,16399,17087,15419,13645,15616,16595,17087,17087,19346,22782,25338,24355,22195,22605,15514,10391,9412,4895,494000000
Northumbria Healthcare NHS Foundation Trust,10060,0.879393285,10,2011,14,11,8,315858,13945,16399,17087,15419,13645,15616,16595,17087,17087,19346,22782,25338,24355,22195,22605,15514,10391,9412,4895,494000000
Northumbria Healthcare NHS Foundation Trust,10144,0.988564669,11,2011,11,9,7,315858,13945,16399,17087,15419,13645,15616,16595,17087,17087,19346,22782,25338,24355,22195,22605,15514,10391,9412,4895,494000000
Northumbria Healthcare NHS Foundation Trust,10196,0.983915261,12,2011,7,5,3,315858,13945,16399,17087,15419,13645,15616,16595,17087,17087,19346,22782,25338,24355,22195,22605,15514,10391,9412,4895,494000000
Northumbria Healthcare NHS Foundation Trust,10364,0.981088383,1,2012,7,4,2,316389,13968,16426,17116,15445,13668,15642,16623,17116,17116,19378,22821,25380,24396,22232,22643,15541,10409,9428,4904,494000000
Northumbria Healthcare NHS Foundation Trust,10996,0.969079665,2,2012,7,4,2,316389,13968,16426,17116,15445,13668,15642,16623,17116,17116,19378,22821,25380,24396,22232,22643,15541,10409,9428,4904,494000000
Northumbria Healthcare NHS Foundation Trust,10060,0.879393285,3,2012,12,8,4,316389,13968,16426,17116,15445,13668,15642,16623,17116,17116,19378,22821,25380,24396,22232,22643,15541,10409,9428,4904,494000000
Northumbria Healthcare NHS Foundation Trust,10568,0.987130961,4,2012,9,6,3,316389,13968,16426,17116,15445,13668,15642,16623,17116,17116,19378,22821,25380,24396,22232,22643,15541,10409,9428,4904,494000000
Northumbria Healthcare NHS Foundation Trust,11140,0.986714542,5,2012,12,9,5,316389,13968,16426,17116,15445,13668,15642,16623,17116,17116,19378,22821,25380,24396,22232,22643,15541,10409,9428,4904,494000000
Northumbria Healthcare NHS Foundation Trust,11700,0.980854701,6,2012,14,12,9,316389,13968,16426,17116,15445,13668,15642,16623,17116,17116,19378,22821,25380,24396,22232,22643,15541,10409,9428,4904,494000000
Northumbria Healthcare NHS Foundation Trust,11768,0.977906186,7,2012,16,14,10,316389,13968,16426,17116,15445,13668,15642,16623,17116,17116,19378,22821,25380,24396,22232,22643,15541,10409,9428,4904,494000000
Northumbria Healthcare NHS Foundation Trust,11388,0.975061468,8,2012,18,15,12,316389,13968,16426,17116,15445,13668,15642,16623,17116,17116,19378,22821,25380,24396,22232,22643,15541,10409,9428,4904,494000000
Northumbria Healthcare NHS Foundation Trust,11212,0.981091687,9,2012,15,12,9,316389,13968,16426,17116,15445,13668,15642,16623,17116,17116,19378,22821,25380,24396,22232,22643,15541,10409,9428,4904,494000000
Northumbria Healthcare NHS Foundation Trust,11484,0.979101358,10,2012,11,8,5,316389,13968,16426,17116,15445,13668,15642,16623,17116,17116,19378,22821,25380,24396,22232,22643,15541,10409,9428,4904,494000000
Northumbria Healthcare NHS Foundation Trust,10512,0.98021309,11,2012,8,6,4,316389,13968,16426,17116,15445,13668,15642,16623,17116,17116,19378,22821,25380,24396,22232,22643,15541,10409,9428,4904,494000000
Northumbria Healthcare NHS Foundation Trust,11256,0.960199005,12,2012,6,4,2,316389,13968,16426,17116,15445,13668,15642,16623,17116,17116,19378,22821,25380,24396,22232,22643,15541,10409,9428,4904,494000000
Northumbria Healthcare NHS Foundation Trust,9092,0.984161901,1,2013,5,3,1,316448,13971,16429,17119,15448,13670,15645,16626,17119,17119,19382,22825,25385,24401,22236,22648,15543,10411,9430,4904,494000000
Northumbria Healthcare NHS Foundation Trust,9888,0.975323625,2,2013,5,3,1,316448,13971,16429,17119,15448,13670,15645,16626,17119,17119,19382,22825,25385,24401,22236,22648,15543,10411,9430,4904,494000000
Northumbria Healthcare NHS Foundation Trust,10240,0.980078125,3,2013,4,2,0,316448,13971,16429,17119,15448,13670,15645,16626,17119,17119,19382,22825,25385,24401,22236,22648,15543,10411,9430,4904,494000000
Northumbria Healthcare NHS Foundation Trust,11776,0.969429348,4,2013,9,6,3,316448,13971,16429,17119,15448,13670,15645,16626,17119,17119,19382,22825,25385,24401,22236,22648,15543,10411,9430,4904,494000000
Northumbria Healthcare NHS Foundation Trust,10468,0.981276271,5,2013,13,9,5,316448,13971,16429,17119,15448,13670,15645,16626,17119,17119,19382,22825,25385,24401,22236,22648,15543,10411,9430,4904,494000000
Northumbria Healthcare NHS Foundation Trust,11600,0.990689655,6,2013,16,12,8,316448,13971,16429,17119,15448,13670,15645,16626,17119,17119,19382,22825,25385,24401,22236,22648,15543,10411,9430,4904,494000000
Northumbria Healthcare NHS Foundation Trust,11776,0.972826087,7,2013,21,17,12,316448,13971,16429,17119,15448,13670,15645,16626,17119,17119,19382,22825,25385,24401,22236,22648,15543,10411,9430,4904,494000000
Northumbria Healthcare NHS Foundation Trust,10908,0.972130546,8,2013,19,16,12,316448,13971,16429,17119,15448,13670,15645,16626,17119,17119,19382,22825,25385,24401,22236,22648,15543,10411,9430,4904,494000000
Northumbria Healthcare NHS Foundation Trust,11276,0.968428521,9,2013,16,12,10,316448,13971,16429,17119,15448,13670,15645,16626,17119,17119,19382,22825,25385,24401,22236,22648,15543,10411,9430,4904,494000000
Northumbria Healthcare NHS Foundation Trust,10972,0.975209624,10,2013,13,11,9,316448,13971,16429,17119,15448,13670,15645,16626,17119,17119,19382,22825,25385,24401,22236,22648,15543,10411,9430,4904,494000000
Northumbria Healthcare NHS Foundation Trust,9948,0.982308002,11,2013,8,6,3,316448,13971,16429,17119,15448,13670,15645,16626,17119,17119,19382,22825,25385,24401,22236,22648,15543,10411,9430,4904,494000000
Northumbria Healthcare NHS Foundation Trust,9380,0.971855011,12,2013,8,6,4,316448,13971,16429,17119,15448,13670,15645,16626,17119,17119,19382,22825,25385,24401,22236,22648,15543,10411,9430,4904,494000000
Northumbria Healthcare NHS Foundation Trust,9796,0.955492038,1,2014,6,4,3,316621,13978,16438,17129,15456,13678,15653,16635,17129,17129,19393,22837,25399,24414,22248,22660,15552,10416,9435,4907,494000000
Northumbria Healthcare NHS Foundation Trust,10740,0.962383613,2,2014,7,5,3,316621,13978,16438,17129,15456,13678,15653,16635,17129,17129,19393,22837,25399,24414,22248,22660,15552,10416,9435,4907,494000000
Northumbria Healthcare NHS Foundation Trust,11076,0.946912243,3,2014,10,7,3,316621,13978,16438,17129,15456,13678,15653,16635,17129,17129,19393,22837,25399,24414,22248,22660,15552,10416,9435,4907,494000000
Northumbria Healthcare NHS Foundation Trust,11544,0.976091476,4,2014,12,9,6,316621,13978,16438,17129,15456,13678,15653,16635,17129,17129,19393,22837,25399,24414,22248,22660,15552,10416,9435,4907,494000000
Northumbria Healthcare NHS Foundation Trust,11964,0.956201939,5,2014,14,11,7,316621,13978,16438,17129,15456,13678,15653,16635,17129,17129,19393,22837,25399,24414,22248,22660,15552,10416,9435,4907,494000000
Northumbria Healthcare NHS Foundation Trust,11868,0.953151331,6,2014,17,14,10,316621,13978,16438,17129,15456,13678,15653,16635,17129,17129,19393,22837,25399,24414,22248,22660,15552,10416,9435,4907,494000000
Northumbria Healthcare NHS Foundation Trust,11616,0.961432507,7,2014,20,16,11,316621,13978,16438,17129,15456,13678,15653,16635,17129,17129,19393,22837,25399,24414,22248,22660,15552,10416,9435,4907,494000000
Northumbria Healthcare NHS Foundation Trust,10656,0.941066066,8,2014,17,14,10,316621,13978,16438,17129,15456,13678,15653,16635,17129,17129,19393,22837,25399,24414,22248,22660,15552,10416,9435,4907,494000000
Northumbria Healthcare NHS Foundation Trust,10636,0.96652877,9,2014,17,14,10,316621,13978,16438,17129,15456,13678,15653,16635,17129,17129,19393,22837,25399,24414,22248,22660,15552,10416,9435,4907,494000000
Northumbria Healthcare NHS Foundation Trust,11024,0.978229318,10,2014,14,11,9,316621,13978,16438,17129,15456,13678,15653,16635,17129,17129,19393,22837,25399,24414,22248,22660,15552,10416,9435,4907,494000000
Northumbria Healthcare NHS Foundation Trust,10624,0.964231928,11,2014,10,8,6,316621,13978,16438,17129,15456,13678,15653,16635,17129,17129,19393,22837,25399,24414,22248,22660,15552,10416,9435,4907,494000000
Northumbria Healthcare NHS Foundation Trust,10324,0.901975978,12,2014,7,5,3,316621,13978,16438,17129,15456,13678,15653,16635,17129,17129,19393,22837,25399,24414,22248,22660,15552,10416,9435,4907,494000000
Northumbria Healthcare NHS Foundation Trust,10088,0.958762887,1,2015,7,4,2,316661,13980,16441,17131,15458,13679,15655,16637,17131,17131,19395,22840,25402,24417,22251,22663,15554,10418,9436,4908,494000000
Northumbria Healthcare NHS Foundation Trust,10352,0.909582689,2,2015,7,4,2,316661,13980,16441,17131,15458,13679,15655,16637,17131,17131,19395,22840,25402,24417,22251,22663,15554,10418,9436,4908,494000000
Northumbria Healthcare NHS Foundation Trust,11392,0.972963483,3,2015,9,6,3,316661,13980,16441,17131,15458,13679,15655,16637,17131,17131,19395,22840,25402,24417,22251,22663,15554,10418,9436,4908,494000000
Northumbria Healthcare NHS Foundation Trust,12562,0.973332272,6,2015,16,13,9,316661,13980,16441,17131,15458,13679,15655,16637,17131,17131,19395,22840,25402,24417,22251,22663,15554,10418,9436,4908,494000000
Northumbria Healthcare NHS Foundation Trust,13998,0.976139448,7,2015,18,14,11,316661,13980,16441,17131,15458,13679,15655,16637,17131,17131,19395,22840,25402,24417,22251,22663,15554,10418,9436,4908,494000000
Northumbria Healthcare NHS Foundation Trust,13847,0.970751787,8,2015,19,15,12,316661,13980,16441,17131,15458,13679,15655,16637,17131,17131,19395,22840,25402,24417,22251,22663,15554,10418,9436,4908,494000000
Northumbria Healthcare NHS Foundation Trust,13822,0.971639415,9,2015,15,12,9,316661,13980,16441,17131,15458,13679,15655,16637,17131,17131,19395,22840,25402,24417,22251,22663,15554,10418,9436,4908,494000000
Northumbria Healthcare NHS Foundation Trust,14251,0.947722967,10,2015,14,11,8,316661,13980,16441,17131,15458,13679,15655,16637,17131,17131,19395,22840,25402,24417,22251,22663,15554,10418,9436,4908,494000000
Northumbria Healthcare NHS Foundation Trust,13347,0.952423766,11,2015,11,9,7,316661,13980,16441,17131,15458,13679,15655,16637,17131,17131,19395,22840,25402,24417,22251,22663,15554,10418,9436,4908,494000000
Northumbria Healthcare NHS Foundation Trust,13867,0.933150645,12,2015,10,8,6,316661,13980,16441,17131,15458,13679,15655,16637,17131,17131,19395,22840,25402,24417,22251,22663,15554,10418,9436,4908,494000000
Northumbria Healthcare NHS Foundation Trust,14314,0.898141679,1,2016,7,5,3,316981,13994,16457,17148,15474,13693,15671,16654,17148,17148,19415,22863,25428,24442,22274,22686,15570,10428,9446,4913,494000000
Northumbria Healthcare NHS Foundation Trust,13731,0.879032845,2,2016,7,4,2,316981,13994,16457,17148,15474,13693,15671,16654,17148,17148,19415,22863,25428,24442,22274,22686,15570,10428,9446,4913,494000000
Northumbria Healthcare NHS Foundation Trust,15146,0.888947577,3,2016,9,6,3,316981,13994,16457,17148,15474,13693,15671,16654,17148,17148,19415,22863,25428,24442,22274,22686,15570,10428,9446,4913,494000000
Northumbria Healthcare NHS Foundation Trust,13608,0.946502058,4,2016,10,7,4,316981,13994,16457,17148,15474,13693,15671,16654,17148,17148,19415,22863,25428,24442,22274,22686,15570,10428,9446,4913,494000000
Northumbria Healthcare NHS Foundation Trust,15060,0.964209827,5,2016,14,10,7,316981,13994,16457,17148,15474,13693,15671,16654,17148,17148,19415,22863,25428,24442,22274,22686,15570,10428,9446,4913,537000000
Northumbria Healthcare NHS Foundation Trust,14184,0.947758037,6,2016,16,13,9,316981,13994,16457,17148,15474,13693,15671,16654,17148,17148,19415,22863,25428,24442,22274,22686,15570,10428,9446,4913,537000000
Northumbria Healthcare NHS Foundation Trust,15282,0.961457924,7,2016,18,15,12,316981,13994,16457,17148,15474,13693,15671,16654,17148,17148,19415,22863,25428,24442,22274,22686,15570,10428,9446,4913,537000000
Northumbria Healthcare NHS Foundation Trust,14638,0.94336658,8,2016,19,15,12,316981,13994,16457,17148,15474,13693,15671,16654,17148,17148,19415,22863,25428,24442,22274,22686,15570,10428,9446,4913,537000000
Northumbria Healthcare NHS Foundation Trust,14706,0.949816401,9,2016,18,15,12,316981,13994,16457,17148,15474,13693,15671,16654,17148,17148,19415,22863,25428,24442,22274,22686,15570,10428,9446,4913,537000000
Northumbria Healthcare NHS Foundation Trust,14484,0.925227838,10,2016,13,10,8,316981,13994,16457,17148,15474,13693,15671,16654,17148,17148,19415,22863,25428,24442,22274,22686,15570,10428,9446,4913,537000000
Northumbria Healthcare NHS Foundation Trust,13756,0.93399244,11,2016,8,6,4,316981,13994,16457,17148,15474,13693,15671,16654,17148,17148,19415,22863,25428,24442,22274,22686,15570,10428,9446,4913,537000000
Northumbria Healthcare NHS Foundation Trust,8620,0.758352668,12,2016,9,7,5,316981,13994,16457,17148,15474,13693,15671,16654,17148,17148,19415,22863,25428,24442,22274,22686,15570,10428,9446,4913,537000000
Northumbria Healthcare NHS Foundation Trust,8126,0.816268767,1,2017,7,5,3,318254,14050,16523,17217,15536,13748,15734,16721,17217,17217,19493,22955,25530,24540,22363,22777,15632,10470,9483,4932,537000000
Northumbria Healthcare NHS Foundation Trust,7094,0.827600789,2,2017,8,6,4,318254,14050,16523,17217,15536,13748,15734,16721,17217,17217,19493,22955,25530,24540,22363,22777,15632,10470,9483,4932,537000000
Northumbria Healthcare NHS Foundation Trust,8260,0.918765133,3,2017,10,7,5,318254,14050,16523,17217,15536,13748,15734,16721,17217,17217,19493,22955,25530,24540,22363,22777,15632,10470,9483,4932,537000000
Northumbria Healthcare NHS Foundation Trust,8081,0.84209875,4,2017,11,8,5,318254,14050,16523,17217,15536,13748,15734,16721,17217,17217,19493,22955,25530,24540,22363,22777,15632,10470,9483,4932,537000000
Northumbria Healthcare NHS Foundation Trust,8136,0.852630285,5,2017,15,12,8,318254,14050,16523,17217,15536,13748,15734,16721,17217,17217,19493,22955,25530,24540,22363,22777,15632,10470,9483,4932,528464000
Northumbria Healthcare NHS Foundation Trust,8022,0.921341311,6,2017,18,14,11,318254,14050,16523,17217,15536,13748,15734,16721,17217,17217,19493,22955,25530,24540,22363,22777,15632,10470,9483,4932,528464000
Northumbria Healthcare NHS Foundation Trust,8212,0.901485631,7,2017,18,15,12,318254,14050,16523,17217,15536,13748,15734,16721,17217,17217,19493,22955,25530,24540,22363,22777,15632,10470,9483,4932,528464000
Northumbria Healthcare NHS Foundation Trust,8029,0.903973098,8,2017,19,16,13,318254,14050,16523,17217,15536,13748,15734,16721,17217,17217,19493,22955,25530,24540,22363,22777,15632,10470,9483,4932,528464000
Northumbria Healthcare NHS Foundation Trust,7803,0.910803537,9,2017,16,14,11,318254,14050,16523,17217,15536,13748,15734,16721,17217,17217,19493,22955,25530,24540,22363,22777,15632,10470,9483,4932,528464000
Northumbria Healthcare NHS Foundation Trust,8513,0.896981088,10,2017,15,13,10,318254,14050,16523,17217,15536,13748,15734,16721,17217,17217,19493,22955,25530,24540,22363,22777,15632,10470,9483,4932,528464000
Northumbria Healthcare NHS Foundation Trust,8300,0.89746988,11,2017,9,7,5,318254,14050,16523,17217,15536,13748,15734,16721,17217,17217,19493,22955,25530,24540,22363,22777,15632,10470,9483,4932,528464000
Northumbria Healthcare NHS Foundation Trust,8419,0.843093004,12,2017,7,5,3,318254,14050,16523,17217,15536,13748,15734,16721,17217,17217,19493,22955,25530,24540,22363,22777,15632,10470,9483,4932,528464000
Northumbria Healthcare NHS Foundation Trust,8124,0.833948794,1,2018,7,5,3,318440,14059,16533,17227,15545,13756,15743,16730,17227,17227,19504,22969,25545,24554,22376,22790,15641,10476,9489,4935,528464000
Northumbria Healthcare NHS Foundation Trust,7481,0.789199305,2,2018,5,3,1,318440,14059,16533,17227,15545,13756,15743,16730,17227,17227,19504,22969,25545,24554,22376,22790,15641,10476,9489,4935,528464000
Northumbria Healthcare NHS Foundation Trust,8316,0.850889851,3,2018,6,4,2,318440,14059,16533,17227,15545,13756,15743,16730,17227,17227,19504,22969,25545,24554,22376,22790,15641,10476,9489,4935,528464000
Northumbria Healthcare NHS Foundation Trust,8322,0.988392166,4,2018,11,9,6,318440,14059,16533,17227,15545,13756,15743,16730,17227,17227,19504,22969,25545,24554,22376,22790,15641,10476,9489,4935,528464000
Northumbria Healthcare NHS Foundation Trust,8967,0.984522646,5,2018,16,13,9,318440,14059,16533,17227,15545,13756,15743,16730,17227,17227,19504,22969,25545,24554,22376,22790,15641,10476,9489,4935,564500000
Northumbria Healthcare NHS Foundation Trust,8636,0.976320273,6,2018,18,15,11,318440,14059,16533,17227,15545,13756,15743,16730,17227,17227,19504,22969,25545,24554,22376,22790,15641,10476,9489,4935,564500000
Northumbria Healthcare NHS Foundation Trust,9290,0.97467024,7,2018,21,18,14,318440,14059,16533,17227,15545,13756,15743,16730,17227,17227,19504,22969,25545,24554,22376,22790,15641,10476,9489,4935,564500000
Northumbria Healthcare NHS Foundation Trust,8938,0.979065211,8,2018,19,16,14,318440,14059,16533,17227,15545,13756,15743,16730,17227,17227,19504,22969,25545,24554,22376,22790,15641,10476,9489,4935,564500000
Northumbria Healthcare NHS Foundation Trust,8683,0.950748848,9,2018,16,13,11,318440,14059,16533,17227,15545,13756,15743,16730,17227,17227,19504,22969,25545,24554,22376,22790,15641,10476,9489,4935,564500000
Northumbria Healthcare NHS Foundation Trust,9077,0.964612758,10,2018,14,11,8,318440,14059,16533,17227,15545,13756,15743,16730,17227,17227,19504,22969,25545,24554,22376,22790,15641,10476,9489,4935,564500000
Northumbria Healthcare NHS Foundation Trust,8758,0.947285157,11,2018,11,9,7,318440,14059,16533,17227,15545,13756,15743,16730,17227,17227,19504,22969,25545,24554,22376,22790,15641,10476,9489,4935,564500000
Northumbria Healthcare NHS Foundation Trust,9198,0.938217928,12,2018,8,6,5,318440,14059,16533,17227,15545,13756,15743,16730,17227,17227,19504,22969,25545,24554,22376,22790,15641,10476,9489,4935,564500000
Northumbria Healthcare NHS Foundation Trust,9414,0.931270393,1,2019,6,5,3,319010,14084,16562,17258,15573,13781,15771,16760,17258,17258,19539,23010,25590,24598,22416,22831,15669,10495,9506,4944,564500000
Northumbria Healthcare NHS Foundation Trust,8365,0.936171455,2,2019,10,7,5,319010,14084,16562,17258,15573,13781,15771,16760,17258,17258,19539,23010,25590,24598,22416,22831,15669,10495,9506,4944,564500000
Northumbria Healthcare NHS Foundation Trust,9079,0.951609476,3,2019,10,8,5,319010,14084,16562,17258,15573,13781,15771,16760,17258,17258,19539,23010,25590,24598,22416,22831,15669,10495,9506,4944,564500000
Northumbria Healthcare NHS Foundation Trust,9096,0.934991433,4,2019,12,9,6,319010,14084,16562,17258,15573,13781,15771,16760,17258,17258,19539,23010,25590,24598,22416,22831,15669,10495,9506,4944,564500000
Northumbria Healthcare NHS Foundation Trust,9173,0.928186075,5,2019,14,11,8,319010,14084,16562,17258,15573,13781,15771,16760,17258,17258,19539,23010,25590,24598,22416,22831,15669,10495,9506,4944,587534000
Northumbria Healthcare NHS Foundation Trust,9001,0.917937622,6,2019,17,14,11,319010,14084,16562,17258,15573,13781,15771,16760,17258,17258,19539,23010,25590,24598,22416,22831,15669,10495,9506,4944,587534000
Northumbria Healthcare NHS Foundation Trust,9501,0.950091267,7,2019,21,17,14,319010,14084,16562,17258,15573,13781,15771,16760,17258,17258,19539,23010,25590,24598,22416,22831,15669,10495,9506,4944,587534000
Northumbria Healthcare NHS Foundation Trust,8904,0.953232671,8,2019,20,17,14,319010,14084,16562,17258,15573,13781,15771,16760,17258,17258,19539,23010,25590,24598,22416,22831,15669,10495,9506,4944,587534000
Northumbria Healthcare NHS Foundation Trust,8907,0.953899407,9,2019,17,14,11,319010,14084,16562,17258,15573,13781,15771,16760,17258,17258,19539,23010,25590,24598,22416,22831,15669,10495,9506,4944,587534000
Northumbria Healthcare NHS Foundation Trust,9239,0.956521739,10,2019,12,10,8,319010,14084,16562,17258,15573,13781,15771,16760,17258,17258,19539,23010,25590,24598,22416,22831,15669,10495,9506,4944,587534000
Northumbria Healthcare NHS Foundation Trust,9363,0.924362074,11,2019,10,8,6,319010,14084,16562,17258,15573,13781,15771,16760,17258,17258,19539,23010,25590,24598,22416,22831,15669,10495,9506,4944,587534000
Northumbria Healthcare NHS Foundation Trust,9286,0.927231565,12,2019,8,7,5,319010,14084,16562,17258,15573,13781,15771,16760,17258,17258,19539,23010,25590,24598,22416,22831,15669,10495,9506,4944,587534000
Northumbria Healthcare NHS Foundation Trust,8811,0.937223206,1,2020,8,6,4,319500,14105,16588,17284,15597,13802,15796,16786,17284,17284,19569,23045,25630,24636,22451,22866,15693,10511,9521,4952,587534000
Northumbria Healthcare NHS Foundation Trust,8030,0.962031439,2,2020,8,6,4,319500,14105,16588,17284,15597,13802,15796,16786,17284,17284,19569,23045,25630,24636,22451,22866,15693,10511,9521,4952,587534000
Northumbria Healthcare NHS Foundation Trust,7044,0.97026752,3,2020,8,5,3,319500,14105,16588,17284,15597,13802,15796,16786,17284,17284,19569,23045,25630,24636,22451,22866,15693,10511,9521,4952,587534000
Northumbria Healthcare NHS Foundation Trust,5047,0.997026532,4,2020,9,6,3,319500,14105,16588,17284,15597,13802,15796,16786,17284,17284,19569,23045,25630,24636,22451,22866,15693,10511,9521,4952,587534000
Northumbria Healthcare NHS Foundation Trust,6310,0.997185021,5,2020,12,9,5,319500,14105,16588,17284,15597,13802,15796,16786,17284,17284,19569,23045,25630,24636,22451,22866,15693,10511,9521,4952,692822000
Northumbria Healthcare NHS Foundation Trust,6920,0.994602514,6,2020,15,12,8,319500,14105,16588,17284,15597,13802,15796,16786,17284,17284,19569,23045,25630,24636,22451,22866,15693,10511,9521,4952,692822000
Northumbria Healthcare NHS Foundation Trust,7727,0.991486068,7,2020,17,14,11,319500,14105,16588,17284,15597,13802,15796,16786,17284,17284,19569,23045,25630,24636,22451,22866,15693,10511,9521,4952,692822000
Northumbria Healthcare NHS Foundation Trust,7997,0.976786362,8,2020,17,14,11,319500,14105,16588,17284,15597,13802,15796,16786,17284,17284,19569,23045,25630,24636,22451,22866,15693,10511,9521,4952,692822000
Northumbria Healthcare NHS Foundation Trust,7557,0.978072209,9,2020,19,16,13,319500,14105,16588,17284,15597,13802,15796,16786,17284,17284,19569,23045,25630,24636,22451,22866,15693,10511,9521,4952,692822000
Northumbria Healthcare NHS Foundation Trust,7515,0.962054189,10,2020,14,12,9,319500,14105,16588,17284,15597,13802,15796,16786,17284,17284,19569,23045,25630,24636,22451,22866,15693,10511,9521,4952,692822000
Northumbria Healthcare NHS Foundation Trust,6878,0.957120862,11,2020,10,8,6,319500,14105,16588,17284,15597,13802,15796,16786,17284,17284,19569,23045,25630,24636,22451,22866,15693,10511,9521,4952,692822000
Northumbria Healthcare NHS Foundation Trust,6811,0.953911368,12,2020,7,5,3,319500,14105,16588,17284,15597,13802,15796,16786,17284,17284,19569,23045,25630,24636,22451,22866,15693,10511,9521,4952,692822000
Northumbria Healthcare NHS Foundation Trust,6428,0.941646819,1,2021,4,3,1,320000,14128,16614,17312,15621,13824,15820,16812,17312,17312,19600,23081,25670,24675,22486,22902,15718,10528,9536,4960,692822000
Northumbria Healthcare NHS Foundation Trust,6145,0.958207409,2,2021,6,4,2,320000,14128,16614,17312,15621,13824,15820,16812,17312,17312,19600,23081,25670,24675,22486,22902,15718,10528,9536,4960,692822000
Northumbria Healthcare NHS Foundation Trust,7329,0.960117185,3,2021,10,7,4,320000,14128,16614,17312,15621,13824,15820,16812,17312,17312,19600,23081,25670,24675,22486,22902,15718,10528,9536,4960,692822000
Northumbria Healthcare NHS Foundation Trust,8007,0.955576069,4,2021,9,6,2,320000,14128,16614,17312,15621,13824,15820,16812,17312,17312,19600,23081,25670,24675,22486,22902,15718,10528,9536,4960,692822000
Northumbria Healthcare NHS Foundation Trust,8514,0.958455364,5,2021,12,9,5,320000,14128,16614,17312,15621,13824,15820,16812,17312,17312,19600,23081,25670,24675,22486,22902,15718,10528,9536,4960,704984000
Northumbria Healthcare NHS Foundation Trust,8724,0.950244908,6,2021,18,15,10,320000,14128,16614,17312,15621,13824,15820,16812,17312,17312,19600,23081,25670,24675,22486,22902,15718,10528,9536,4960,704984000
Northumbria Healthcare NHS Foundation Trust,8624,0.920205515,7,2021,20,16,13,320000,14128,16614,17312,15621,13824,15820,16812,17312,17312,19600,23081,25670,24675,22486,22902,15718,10528,9536,4960,704984000
Northumbria Healthcare NHS Foundation Trust,8432,0.92700303,8,2021,19,15,12,320000,14128,16614,17312,15621,13824,15820,16812,17312,17312,19600,23081,25670,24675,22486,22902,15718,10528,9536,4960,704984000
Northumbria Healthcare NHS Foundation Trust,8716,0.905893437,9,2021,18,15,12,320000,14128,16614,17312,15621,13824,15820,16812,17312,17312,19600,23081,25670,24675,22486,22902,15718,10528,9536,4960,704984000
Northumbria Healthcare NHS Foundation Trust,8983,0.901449123,10,2021,14,12,9,320000,14128,16614,17312,15621,13824,15820,16812,17312,17312,19600,23081,25670,24675,22486,22902,15718,10528,9536,4960,704984000
Northumbria Healthcare NHS Foundation Trust,8209,0.910080317,11,2021,10,8,6,320000,14128,16614,17312,15621,13824,15820,16812,17312,17312,19600,23081,25670,24675,22486,22902,15718,10528,9536,4960,704984000
Northumbria Healthcare NHS Foundation Trust,8456,0.910027555,12,2021,7,5,3,320000,14128,16614,17312,15621,13824,15820,16812,17312,17312,19600,23081,25670,24675,22486,22902,15718,10528,9536,4960,704984000
Northumbria Healthcare NHS Foundation Trust,8182,0.941158574,1,2022,8,5,3,320540,14151,16642,17341,15648,13847,15847,16841,17341,17341,19633,23120,25713,24716,22524,22941,15744,10545,9552,4968,704984000
Northumbria Healthcare NHS Foundation Trust,7753,0.930654726,2,2022,9,6,3,320540,14151,16642,17341,15648,13847,15847,16841,17341,17341,19633,23120,25713,24716,22524,22941,15744,10545,9552,4968,704984000
Northumbria Healthcare NHS Foundation Trust,8987,0.900031453,3,2022,11,7,4,320540,14151,16642,17341,15648,13847,15847,16841,17341,17341,19633,23120,25713,24716,22524,22941,15744,10545,9552,4968,704984000
Northumbria Healthcare NHS Foundation Trust,8424,0.933789344,4,2022,11,8,4,320540,14151,16642,17341,15648,13847,15847,16841,17341,17341,19633,23120,25713,24716,22524,22941,15744,10545,9552,4968,704984000
Northumbria Healthcare NHS Foundation Trust,9148,0.918199609,5,2022,15,12,8,320540,14151,16642,17341,15648,13847,15847,16841,17341,17341,19633,23120,25713,24716,22524,22941,15744,10545,9552,4968,806090000
Northumbria Healthcare NHS Foundation Trust,8899,0.924306558,6,2022,18,14,10,320540,14151,16642,17341,15648,13847,15847,16841,17341,17341,19633,23120,25713,24716,22524,22941,15744,10545,9552,4968,806090000
Northumbria Healthcare NHS Foundation Trust,9214,0.89520245,7,2022,21,17,13,320540,14151,16642,17341,15648,13847,15847,16841,17341,17341,19633,23120,25713,24716,22524,22941,15744,10545,9552,4968,806090000
Northumbria Healthcare NHS Foundation Trust,8626,0.921532847,8,2022,21,17,13,320540,14151,16642,17341,15648,13847,15847,16841,17341,17341,19633,23120,25713,24716,22524,22941,15744,10545,9552,4968,806090000
Northumbria Healthcare NHS Foundation Trust,8578,0.900159915,9,2022,17,14,10,320540,14151,16642,17341,15648,13847,15847,16841,17341,17341,19633,23120,25713,24716,22524,22941,15744,10545,9552,4968,806090000
Northumbria Healthcare NHS Foundation Trust,9349,0.901801221,10,2022,15,12,9,320540,14151,16642,17341,15648,13847,15847,16841,17341,17341,19633,23120,25713,24716,22524,22941,15744,10545,9552,4968,806090000
Northumbria Healthcare NHS Foundation Trust,9143,0.907419978,11,2022,11,9,7,320540,14151,16642,17341,15648,13847,15847,16841,17341,17341,19633,23120,25713,24716,22524,22941,15744,10545,9552,4968,806090000
Northumbria Healthcare NHS Foundation Trust,10342,0.887963127,12,2022,6,4,2,320540,14151,16642,17341,15648,13847,15847,16841,17341,17341,19633,23120,25713,24716,22524,22941,15744,10545,9552,4968,806090000
Northumbria Healthcare NHS Foundation Trust,8476,0.93532727,1,2023,7,5,3,321080,14175,16670,17370,15674,13870,15874,16869,17370,17370,19666,23159,25757,24758,22562,22979,15771,10563,9568,4976,806090000
Northumbria Healthcare NHS Foundation Trust,7986,0.92325822,2,2023,10,7,5,321080,14175,16670,17370,15674,13870,15874,16869,17370,17370,19666,23159,25757,24758,22562,22979,15771,10563,9568,4976,806090000
Northumbria Healthcare NHS Foundation Trust,9014,0.893034826,3,2023,9,6,3,321080,14175,16670,17370,15674,13870,15874,16869,17370,17370,19666,23159,25757,24758,22562,22979,15771,10563,9568,4976,806090000
Northumbria Healthcare NHS Foundation Trust,8914,0.927567086,4,2023,11,8,5,321080,14175,16670,17370,15674,13870,15874,16869,17370,17370,19666,23159,25757,24758,22562,22979,15771,10563,9568,4976,806090000
Northumbria Healthcare NHS Foundation Trust,9749,0.920251013,5,2023,15,11,8,321080,14175,16670,17370,15674,13870,15874,16869,17370,17370,19666,23159,25757,24758,22562,22979,15771,10563,9568,4976,806090000
Northumbria Healthcare NHS Foundation Trust,9227,0.903704073,6,2023,19,15,11,321080,14175,16670,17370,15674,13870,15874,16869,17370,17370,19666,23159,25757,24758,22562,22979,15771,10563,9568,4976,806090000
Northumbria Healthcare NHS Foundation Trust,9375,0.94195544,7,2023,19,15,12,321080,14175,16670,17370,15674,13870,15874,16869,17370,17370,19666,23159,25757,24758,22562,22979,15771,10563,9568,4976,806090000
Northumbria Healthcare NHS Foundation Trust,9247,0.917664965,8,2023,19,15,12,321080,14175,16670,17370,15674,13870,15874,16869,17370,17370,19666,23159,25757,24758,22562,22979,15771,10563,9568,4976,806090000
Northumbria Healthcare NHS Foundation Trust,9078,0.915654889,9,2023,18,15,12,321080,14175,16670,17370,15674,13870,15874,16869,17370,17370,19666,23159,25757,24758,22562,22979,15771,10563,9568,4976,806090000
Northumbria Healthcare NHS Foundation Trust,9804,0.879184025,10,2023,13,11,8,321080,14175,16670,17370,15674,13870,15874,16869,17370,17370,19666,23159,25757,24758,22562,22979,15771,10563,9568,4976,806090000
Northumbria Healthcare NHS Foundation Trust,9917,0.870273668,11,2023,9,7,5,321080,14175,16670,17370,15674,13870,15874,16869,17370,17370,19666,23159,25757,24758,22562,22979,15771,10563,9568,4976,806090000
Northumbria Healthcare NHS Foundation Trust,10168,0.873937612,12,2023,8,7,5,321080,14175,16670,17370,15674,13870,15874,16869,17370,17370,19666,23159,25757,24758,22562,22979,15771,10563,9568,4976,806090000
Northumbria Healthcare NHS Foundation Trust,10131,0.864828231,1,2024,7,5,3,321600,14198,16697,17398,15699,13893,15899,16896,17398,17398,19698,23197,25798,24798,22598,23016,15796,10580,9583,4984,806090000
Northumbria Healthcare NHS Foundation Trust,9494,0.857843613,2,2024,9,7,5,321600,14198,16697,17398,15699,13893,15899,16896,17398,17398,19698,23197,25798,24798,22598,23016,15796,10580,9583,4984,806090000
Northumbria Healthcare NHS Foundation Trust,10269,0.840184838,3,2024,9,7,5,321600,14198,16697,17398,15699,13893,15899,16896,17398,17398,19698,23197,25798,24798,22598,23016,15796,10580,9583,4984,806090000
Northumbria Healthcare NHS Foundation Trust,9458,0.857169434,4,2024,11,8,5,321600,14198,16697,17398,15699,13893,15899,16896,17398,17398,19698,23197,25798,24798,22598,23016,15796,10580,9583,4984,806090000
Northumbria Healthcare NHS Foundation Trust,10015,0.870039343,5,2024,15,12,9,321600,14198,16697,17398,15699,13893,15899,16896,17398,17398,19698,23197,25798,24798,22598,23016,15796,10580,9583,4984,806090000
